0,1,2,3,4,5,6,7,8,9,10,11,12,13,14,15,16,17,18,19,20,21,22,23,24,25,26,27,28,29,30,31,32,33,34,35,36,37,38,39,40,41,42,43,44,45,46,47,48,49,50,51,52,53,54,55,56,57,58,59,60,61,62,63,64,65,66,67,68,69,70,71,72,73,74,75,76,77,78,79,80,81,82,83,84,85,86,87,88,89,90,91,92,93,94,95,96,97,98,99,d
0.0,0.0,0.0,0.0,5.939753924480272E-4,0.0020364870598218072,0.003988120492151039,0.006364022061943148,0.008909630886720407,0.011624946966482818,0.014594823928722953,0.01790411540093339,0.021467967755621552,0.02511667373780229,0.029189647857445905,0.03351718285956724,0.03792957148918116,0.04268137462876538,0.0481120067882902,0.05371234620280017,0.05939753924480271,0.06542214679677556,0.07187102248621129,0.07865931268561731,0.08544760288502333,0.09223589308442937,0.09910903691132796,0.10615188799321171,0.11327959270258804,0.11701315231226135,0.1282138311412813,0.1357658039881205,0.14340263046245227,0.15129401781926177,0.15943996605854902,0.1676707679253288,0.1759864234196012,0.18447178616885873,0.1931268561731014,0.20186677980483667,0.21077641069155706,0.21985574883326262,0.22901994060246075,0.23826898599915147,0.24760288502333475,0.256936784047518,0.26652524395417904,0.27636826474331777,0.2862112855324565,0.29605430632159524,0.3061518879932117,0.3165040305473059,0.3268561731014001,0.337462876537972,0.3483241408570216,0.35927025880356384,0.3703860840050912,0.38158676283411114,0.38718710224862113,0.40424268137462877,0.4156979210861264,0.42723801442511666,0.4387781077641069,0.4504030547305897,0.46211285532456514,0.4738226559185405,0.4856173101400085,0.49766652524395416,0.5097157403478999,0.5220195163343233,0.5344081459482393,0.5469664828171404,0.5598642341960118,0.5728468392023759,0.5860840050912176,0.599406024607552,0.6128977513788715,0.6264743317776835,0.6402206194314807,0.654136614340263,0.6683071701315231,0.6825625795502758,0.6972422571064913,0.712091641917692,0.7271955876113704,0.7422995333050488,0.7575731862537124,0.7730165464573611,0.788629613915995,0.8047518031395842,0.8212134068731438,0.8378447178616886,0.8544760288502333,0.871531607976241,0.8889266016122189,0.906491302503182,0.9244802715316079,0.9426389478150191,0.961221892235893,0.9803988120492151,1.0
0.0,5.881660981061052E-5,5.293494882954947E-4,0.001823314904128926,0.003940712857310904,0.006411010469356547,0.008940124691212798,0.012586754499470651,0.016880367015645218,0.02152687919068345,0.026291024585342902,0.031290436419244796,0.03652511469238913,0.04199505940477591,0.04758263733678391,0.053346665098223736,0.05922832607928479,0.06522762027996706,0.07146218091989177,0.07781437477943771,0.08434301846841548,0.0912245618162569,0.09816492177390895,0.10516409834137161,0.11228090812845548,0.11951535113516057,0.12686742736148687,0.1342783201976238,0.14180684625338197,0.14557110928126102,0.15698153158451947,0.16480414068933066,0.17280319962357368,0.18086107516762734,0.18915421715092343,0.19756499235384073,0.20626985060581107,0.21509234207740266,0.22403246676861546,0.2331490412892601,0.24244206563933654,0.2517939065992236,0.2612045641689213,0.2706740383484296,0.2802023291377485,0.2898482531466886,0.29961181037525,0.30949300082343256,0.3193741912716151,0.3293141983296083,0.3394894718268439,0.34984119515351136,0.36031055169980003,0.3708975414657099,0.3814845312316198,0.39218915421715095,0.40301141042230326,0.414068933066698,0.41965651099870604,0.43641924479473004,0.4477120338783673,0.45900482296200446,0.4703564286554523,0.48182566756852135,0.4934125397012116,0.5050582284437125,0.5169391836254559,0.5289377720268204,0.5410539936478062,0.5532878484884132,0.5655805199388307,0.5779908246088695,0.590459945888719,0.6031643336078109,0.615986354546524,0.6288671920950476,0.6419244794730031,0.6549817668509587,0.6681566874485355,0.6815668744853547,0.6950358781319844,0.7085636983884249,0.7221503352546759,0.7359722385601694,0.7499117750852841,0.76396894483002,0.7782025644041878,0.7924361839783555,0.806846253381955,0.8214327726149865,0.8362545582872604,0.851252793788966,0.8664862957299141,0.8818374308904835,0.8973650158804847,0.9130690506999176,0.9293612516174568,0.9461239854134808,0.9631808022585578,0.9811786848606047,1.0
0.0,2.3656320968962907E-4,0.0013720666161998487,0.0033591975775927327,0.005914080242240727,0.009557153671461014,0.013436790310370931,0.017363739591218775,0.021527252081756244,0.026116578349735048,0.031226343679031036,0.03652535957607873,0.042013626040878126,0.04792770628311885,0.053889099167297505,0.05994511733535201,0.06628501135503406,0.0727668433005299,0.07929598788796366,0.08591975775927328,0.09263815291445875,0.09945117335352006,0.10645344436033308,0.11350302800908403,0.1207891748675246,0.12826457229371688,0.135834595003785,0.14345193035579107,0.1512112036336109,0.15518546555639667,0.1671555639666919,0.1751987130961393,0.18333648750946252,0.19156888720666163,0.1999432248296745,0.20845950037850114,0.21697577592732778,0.22558667676003027,0.2342448902346707,0.24295041635124906,0.2517032551097653,0.26055071915215744,0.2694454958364875,0.27848221044663135,0.28766086298258897,0.2968868281604845,0.30620741862225587,0.3155753217259652,0.32503785011355035,0.33459500378501134,0.3443414080242241,0.3545136260408781,0.364780469341408,0.3751419379258138,0.38555071915215744,0.39600681302043905,0.40660484481453446,0.4172028766086298,0.42259651778955337,0.4389193792581378,0.44994322482967447,0.461109008327025,0.4722747918243755,0.4835352006056018,0.49493754731264195,0.50638720666162,0.5181680545041635,0.529996214988645,0.5419663133989402,0.5540783497350492,0.5662850113550341,0.5785389856169568,0.5908875851627555,0.6034254352763059,0.61610522331567,0.628832323996972,0.6417486752460257,0.6547596517789553,0.6679125662376987,0.6813020439061317,0.6948807721423165,0.708554125662377,0.7223694171082513,0.7361847085541257,0.7501892505677517,0.7643357305071915,0.778671461014383,0.7930545041635125,0.8075321725965178,0.822104466313399,0.836771385314156,0.8515802422407267,0.8665310370931113,0.8816710825132476,0.8970476911430735,0.9127554882664648,0.9285579106737321,0.9452592732778198,0.9629542013626041,0.9812168811506434,1.0
0.0,6.982092985050107E-4,0.002012485625102678,0.004476753737473304,0.007433875472318055,0.010719566288812222,0.014333826186955808,0.018523081977985873,0.022835551174634466,0.027394447182520126,0.03236405454246755,0.03749794644323969,0.042796122884836536,0.04829965500246427,0.05392640052571053,0.0597174305897815,0.06571381632988335,0.07203877115163464,0.07861015278462297,0.08526367668802366,0.0919993428618367,0.0988171513060621,0.10575817315590604,0.11290455068178085,0.12009199934286184,0.12732051913914902,0.13459011007064237,0.14210612781337276,0.1497453589617217,0.15364711680630852,0.16547560374568754,0.1734434039756859,0.1814933464760966,0.18978971578774437,0.1981271562345983,0.2067520946278955,0.2154181041563989,0.22416625595531461,0.23299655002464267,0.24199112863479547,0.2511089206505668,0.26030885493675043,0.2696730737637588,0.27920157713159194,0.28881222276983737,0.29850501067849516,0.30823886972235914,0.31805487103663543,0.32791194348611796,0.3380975850172499,0.34836536881879415,0.3586742237555446,0.36910629209791357,0.37957943157548873,0.3900936421882701,0.4006899950714638,0.411409561360276,0.4221701987842944,0.42759158863150976,0.44414325611959915,0.4553967471660917,0.4666502382125842,0.47798587152948907,0.4894036471168063,0.5008214227041236,0.512280269426647,0.5238212584195827,0.5355676030885493,0.5473960900279283,0.5593067192377197,0.5712994907179234,0.5833333333333334,0.5955725316247741,0.607852801051421,0.6202152127484803,0.6326186955807459,0.6451043206834237,0.6576720880565139,0.6702398554296041,0.6830129784787251,0.6959093149334648,0.7089699359290291,0.7221948414654181,0.7355429604074256,0.7489732216198456,0.7624856251026778,0.7761212419911286,0.7900443568260227,0.8041317562017414,0.8186709380647281,0.8338672580910136,0.8493921471989486,0.865040249712502,0.8809347790372926,0.8969935929029078,0.9132988335797602,0.9296862165270248,0.9461146706094956,0.9632413339904715,0.9809019221291276,1.0
0.0,4.395443390352002E-4,0.0019779495256584006,0.004395443390352001,0.007289110289000403,0.010475806747005604,0.013955532764367605,0.01831434745980001,0.02292956301966961,0.02761803596937841,0.03259953847844401,0.03783744185194682,0.04318523131020842,0.04864290685322882,0.05421046848100802,0.05981465880370682,0.06567524999084283,0.07179224204241604,0.07794586278890883,0.08413611223032123,0.09036299036665324,0.09680964067250283,0.10347606314787004,0.11017911431815684,0.11699205157320244,0.12384161752316765,0.13083769825281125,0.13809017984689206,0.14563569100032966,0.14948170396688765,0.16116625764624007,0.16904142705395406,0.17698985385150728,0.18504816673381927,0.19332625178564888,0.20171422292223729,0.21028533753342368,0.2189297095344493,0.2276107102303945,0.23647485440093768,0.2454488846562397,0.2544961723013809,0.26361671733636133,0.2729204058459397,0.2822973517453573,0.2916742976447749,0.3011977583238709,0.3109043624775649,0.32064759532617854,0.3305007142595509,0.34053697666752136,0.3506464964653309,0.36090253104281894,0.37130508039998533,0.38178088714699093,0.39247646606351416,0.40324530236987655,0.41412402476099774,0.41958170030401815,0.43595472693307935,0.44694333540895936,0.457968572579759,0.4690670671403978,0.4802388190908758,0.4915204571261126,0.502838723856269,0.514193619281345,0.5256584007911798,0.5371598109959342,0.548807735980367,0.5605655470495586,0.572433244203509,0.5844840848320574,0.5966448115453646,0.6089520530383502,0.6215889527856122,0.6344089960074722,0.6474121827039303,0.6607083989597451,0.6740412439104795,0.6874473462510531,0.7009267059814659,0.7145892091864767,0.728288341086407,0.7420607303761767,0.7559796344456247,0.7700084245998315,0.7843302443133952,0.7990183509761547,0.8139628585033515,0.8292370242848247,0.8446210761510567,0.8603347862715651,0.8763048972565107,0.8927511812754112,0.9096003809384272,0.926925753635398,0.9446174132815648,0.9624922164023296,0.9809897073367276,1.0
0.0,7.949388890729026E-4,0.0027822861117551586,0.0050677354178397535,0.007684409261038058,0.010433572919081846,0.01377894074393031,0.017720512735583453,0.022192043986618528,0.02679606505249909,0.03169818820178199,0.03679904607333311,0.042098638667152466,0.047596965983240036,0.053260905567884466,0.059090457421085756,0.06498625418170978,0.07104766321089066,0.0772746845086284,0.08360107316750025,0.08999370673379484,0.09651883011493491,0.10317644331092048,0.10990030141432877,0.11675664933258256,0.12371236461197045,0.1308336921599152,0.1380212646152827,0.14527508197807293,0.1489847967937465,0.16027955350932396,0.16789771786293928,0.1756152495776887,0.18346527110728364,0.1913815375443013,0.19939717134245305,0.2075452949554503,0.21592527574442716,0.22447086880196085,0.23308270676691728,0.24182703454671922,0.25067072968765525,0.2596469146434368,0.2687224669603524,0.2779967539995363,0.28750289821469976,0.29707528733728594,0.306813288728429,0.3166175350269948,0.3265211486866947,0.3365572521612401,0.34665960054320827,0.3567950713788878,0.36699678712199,0.377264747772515,0.3876320757841741,0.3980987711569673,0.4087973237057401,0.4141631612069822,0.4304925308866881,0.44152230797257463,0.45265145241959526,0.4638468417740386,0.4751415984896161,0.4865688450200391,0.4981617038190189,0.5098539299791328,0.521645523500381,0.5335696068364745,0.5455930575337021,0.5579146103143321,0.5704017753635189,0.5829551853201285,0.5955417177304495,0.6082938624093273,0.621211619356762,0.6341293763041966,0.6470802557053427,0.6600973800139114,0.6731476267761916,0.6862641184458945,0.6994468550230201,0.7126627140538571,0.7262097976218078,0.7398231260971813,0.7536020668411116,0.7675797423073101,0.7819217647643337,0.7966281342121825,0.8117982180119904,0.8272664038952006,0.8429995694081017,0.8589314696432712,0.8752939617766884,0.8920539233546421,0.9090788645622868,0.9263356629459111,0.9440230532277831,0.962141035407903,0.9807227319399822,1.0
0.0,8.038585209003215E-4,0.002504328468958694,0.004544892406628741,0.007049220875587435,0.00995547860499629,0.013325500865693791,0.01715928765767994,0.021456838980954736,0.025970813752164236,0.030608459065050705,0.03540069255503339,0.04031659658669305,0.0452943358891912,0.05073583972297799,0.05639376700469948,0.06229903536977492,0.06832797427652733,0.07444966608953747,0.08060227553796685,0.08684763789265397,0.09318575315359881,0.09958570368538214,0.10601657185258472,0.1126020281968835,0.1193420727182785,0.12620578778135047,0.1331004204798417,0.14002597081375218,0.14351966361612664,0.15434083601286175,0.16179198614889934,0.1693668068266139,0.17712713331684393,0.18498021271333168,0.19295696265149642,0.20099554786049964,0.2091578036111798,0.21744372990353697,0.2258533267375711,0.2345102646549592,0.2433217907494435,0.252287905021024,0.26150136037595845,0.27074573336631214,0.28002102399208506,0.28948182043037346,0.2990044521395004,0.30852708384862726,0.3181424684640119,0.32781968835023495,0.3375278258718773,0.34735963393519664,0.35740786544645065,0.36795077912441254,0.3787101162503092,0.3895312886470443,0.40041429631461783,0.40591763541924314,0.4225204056393767,0.4336816720257235,0.44487385604748947,0.4561897106109325,0.46769107098689094,0.4793470195399456,0.4912503091763542,0.503308186989859,0.5154588177096215,0.5278567895127381,0.5403475142221122,0.5529309918377443,0.5656072223596339,0.5783452881523621,0.5911142715805096,0.6040069255503339,0.616992332426416,0.6301014098441751,0.6432414048973535,0.6565050704922087,0.6698614889933218,0.6832797427652733,0.6968835023497403,0.710580014840465,0.7243692802374474,0.7381585456344298,0.7522879050210239,0.7667264407618105,0.7813504823151125,0.7961291120455107,0.8111241652238437,0.8262428889438536,0.841547118476379,0.8572532772693544,0.8737014593123917,0.8903660648033639,0.9072780113776898,0.9244991343062082,0.9421840217660153,0.9602708384862726,0.9797489488003958,1.0
0.0,0.0016321296377255108,0.0034682754801667105,0.0055084375273235986,0.0078400512955029,0.011133455743056162,0.014718311911631839,0.018769490833843373,0.022966395616566115,0.027338171431902307,0.03182652793564746,0.03643146512780158,0.04124041852467139,0.04639911398676809,0.05193669668619393,0.057853166622948905,0.06385707207601062,0.06991926787327679,0.07598146367054298,0.0820728046399114,0.0882807262976888,0.0945760834717729,0.1009297309900615,0.10734166885255457,0.1137827518871499,0.12054443181486987,0.12739354725889657,0.13430095304712775,0.14129579435166564,0.1447932150039346,0.15569350937017284,0.16303809273993763,0.1704409664539069,0.1781352918888986,0.18594619801229925,0.1937571041356999,0.20168459094750954,0.20972865844772814,0.21791845180845792,0.22628311620180117,0.2348517967998601,0.24347876774212351,0.2522806097170004,0.2611990323802862,0.2701757453877765,0.27923989391157356,0.28842062312377953,0.29771793302439453,0.3071026784413162,0.31648742385823786,0.3259596047914663,0.33557751158520593,0.3456617411325814,0.3558625513683658,0.36620908746466146,0.3767013494214683,0.3873393372387864,0.3981521960887179,0.403602343271837,0.4200110751653989,0.43102795022004603,0.44224884147940896,0.4535863134271808,0.46506951123546386,0.4767858704205648,0.4886188102940748,0.5005974760280959,0.5126635772784238,0.5247588237008539,0.5369415056395908,0.5493864941272478,0.5619772084754161,0.5746262131677887,0.5873335082043659,0.6000990935851476,0.612952114482236,0.6259217160677334,0.6389496079974353,0.6520649354434438,0.6652385532336569,0.6789367841217102,0.692809886042377,0.7067704234793506,0.7208475416047332,0.7350995307627292,0.749468100609134,0.7638949607997435,0.7784675468508642,0.793185858762496,0.8083122030835592,0.8236134184372359,0.8390603596514238,0.8547696074145318,0.8706828713823556,0.8870624581038151,0.9039375127510128,0.920987438430824,0.9391448806505203,0.9585555652706129,0.9781702660954213,1.0
0.0,0.0013589594253543,0.002995257508944172,0.004797958787475386,0.007183071248301301,0.010483401281304601,0.01408880383836703,0.017888343456194358,0.02204842332972793,0.02643037412984996,0.031061929722384002,0.03599855783897717,0.04101838755304102,0.0462046204620462,0.051557256565992735,0.05727043292564551,0.06298360928529828,0.06883545497406883,0.07482596999195718,0.0808996866073162,0.08702887095432232,0.09329672463044623,0.09964777990404082,0.10608203677510608,0.11259949524364202,0.11914468757800149,0.12582854924147877,0.13262334636825027,0.13950134509249243,0.1429680783204371,0.15381201985744794,0.16127242976398481,0.16881604126799235,0.17644285436947055,0.18420833680006657,0.19200155309648612,0.1998502371245528,0.2078098566159137,0.2158804115705688,0.2241173697201653,0.2325207310647031,0.24106276173835872,0.24977119560695565,0.2585350972071997,0.2673544665390909,0.27639570679757053,0.2856588179826386,0.2949773968993538,0.30437917741353965,0.3138641595251962,0.3235155448317941,0.33330559946750976,0.34320658956651967,0.35313531353135313,0.36336911002024574,0.3737138419724325,0.3842249771195607,0.39487478159580663,0.4001996838339296,0.4164517292065341,0.42760074326760406,0.4388329589261447,0.45031477937709735,0.46190753529134426,0.47363896053470894,0.4855090551071914,0.49749008514296805,0.5094988490445683,0.5215908145436392,0.5338491832376515,0.5462739551266051,0.5587264608813822,0.5712344343678065,0.5837978755858779,0.59644451840142,0.6091743628144327,0.6220151426907397,0.6350223257619879,0.6481681781623541,0.6614804337576615,0.6749313586820866,0.6884932190698061,0.7024433535790554,0.7165876251490695,0.7309537676456721,0.7456804503979809,0.7605180686135841,0.7754111545608342,0.7904983775688493,0.8057797376376293,0.82114429930388,0.836924868957484,0.8528163740743823,0.8688742823862218,0.8854314002828855,0.9024599938985495,0.9200987325623319,0.9392073661147627,0.9586210721912527,0.9782566491943312,1.0
0.0,0.0011619309179254252,0.0030104573782613287,0.004938206401183057,0.007473328403929439,0.010774268511672125,0.014207246223724516,0.017904299144396323,0.021865427273687545,0.026169853174184007,0.03065913172071406,0.03546530051758741,0.04040350691877047,0.0457114186120207,0.05107214534699482,0.056485687123692827,0.06208408154642442,0.06786732861518961,0.07380902080912644,0.0798299355656491,0.08595648040561953,0.09226787789162354,0.09876412802366114,0.10531319319742262,0.11188866589204606,0.1185433611492553,0.12533009401077427,0.13214323439315517,0.13916763494243162,0.1426798352170698,0.15348051124960388,0.16092743213267138,0.16855920566177246,0.1762702017534594,0.1839811978451463,0.19206189922890038,0.20019541565437837,0.20838174712158022,0.2166473011513679,0.22496567022287947,0.23341607689870075,0.24197211365796978,0.25060737297982466,0.25932185486426534,0.2681947818738777,0.27733178409210946,0.28654800887292703,0.2958434562163304,0.30529734868490543,0.3149360937995141,0.32465406147670856,0.3344512517164889,0.3444861096440266,0.3547322277384599,0.36500475335375515,0.3753565015316362,0.38589310235555085,0.3965617407837752,0.4019752825604732,0.4182687229322911,0.4292278440899968,0.44029259533115034,0.4514893841766135,0.4627653955846625,0.4741206295552973,0.48563430865110385,0.49746487799725364,0.509480299989437,0.5215485370233442,0.5336959966198374,0.5459226787789162,0.5581757684588571,0.5705080807013837,0.5829196155064963,0.5955952255202281,0.6083500580965459,0.6211312981937256,0.6339653533326292,0.6468258159923946,0.6598183162564698,0.6729428541248548,0.6865427273687547,0.7003274532586881,0.7144818844406887,0.7287419457061372,0.7431076370550332,0.7578166261751347,0.7729745431498891,0.7881852751663674,0.8036336748706031,0.8191877046582867,0.8348737720502799,0.8508503221717545,0.8672493926270202,0.8842030210203866,0.9020016900813351,0.9207774374141755,0.9398172599556354,0.9589891201014049,0.9784778704975177,1.0
0.0,7.815651472367891E-4,0.0025463896732553447,0.004689390883420734,0.0075887454618797905,0.010614158935054458,0.013740419524001613,0.017118797902379992,0.02092577652279145,0.025161355385235982,0.029674263816054862,0.034237595804759983,0.039103469140782575,0.044120613150463894,0.049188180718031466,0.05438180718031464,0.059827551432029044,0.0656766841468334,0.071576240419524,0.07767749092375958,0.08393001210165389,0.09023295683743444,0.09666196046793062,0.10329265832997177,0.10997377974989915,0.11678096006454215,0.12371419927390076,0.130773497377975,0.13800927793465106,0.1417658329971763,0.15303549818475193,0.1605990318676886,0.16818777732956838,0.17585215812827754,0.18354175070592982,0.1913574021782977,0.1992991125453812,0.20739209358612343,0.21553549818475193,0.22375453812020976,0.23215006050826947,0.24077248890681727,0.24947055264219442,0.2582946752722872,0.26729528035498185,0.27637152077450583,0.2855738200887455,0.29487696651875756,0.30428096006454214,0.31381101250504234,0.32344191206131506,0.33317365873336025,0.34308188785800725,0.35326744655102865,0.3635538523598225,0.373966317063332,0.3845300524405002,0.39516942315449777,0.4005395320693828,0.41680112948769665,0.4277430415490117,0.43878580072609924,0.4499294070189593,0.4611234368697055,0.47234267849939493,0.4837636143606293,0.4954366680112949,0.5073366276724486,0.519387858007261,0.531539935457846,0.5437676482452601,0.5560205728116175,0.5683743444937475,0.5808037515127067,0.5932835820895522,0.6060659540137152,0.6188987494957644,0.631807180314643,0.6447660346914078,0.6578509479628882,0.671213190802743,0.6847519160951997,0.6984923356192013,0.712459661153691,0.7267043162565551,0.7412263009277935,0.7558743444937475,0.7706736587333602,0.785699878983461,0.8011294876966518,0.8171389673255345,0.8334005647438483,0.8499394917305365,0.8666801129487697,0.8837736990722065,0.9016740621218233,0.9204316256555063,0.9394665187575635,0.9588291649858814,0.9791246470350948,1.0
0.0,6.282621302919003E-4,0.002174753527933501,0.004518654552484052,0.007128358786004253,0.010462980862168954,0.013942586506862555,0.017470520007732457,0.021191764933307558,0.02532379663638121,0.029528320123719313,0.03397448289193891,0.03858979315677556,0.043543398414846314,0.04866615116953412,0.053958051420838975,0.05939493524067272,0.06512178619756427,0.07109027643533733,0.07713125845737483,0.08331722404794123,0.08962400927894838,0.09617243379083704,0.1029141697274309,0.10970423352020105,0.1167359365938527,0.12400927894838586,0.1313309491590953,0.13872511115406921,0.14244635607964432,0.1536584187125459,0.16129421998840132,0.16900251304852118,0.17673497003672917,0.18463657452155421,0.19265899864682004,0.20075391455635028,0.2088729943939687,0.21708872994393968,0.22547361299052773,0.23397931567755653,0.24253334622076164,0.2511598685482312,0.25993137444422965,0.2688961917649333,0.27793350086990143,0.2871157935433984,0.29641890585733616,0.30574618209936205,0.31509762226947613,0.3246182099362072,0.33433210902764354,0.34419099168760875,0.3542673497003673,0.3644161994973903,0.37483085250338294,0.38541465300599265,0.39614343707713123,0.40153199304078874,0.41784264450028996,0.42881306785231005,0.43992847477285907,0.4510438816934081,0.46223178039822155,0.4735646626715639,0.4851633481538759,0.4969553450608931,0.5089406533926155,0.520950125652426,0.5329837618403248,0.5450657258843997,0.5573168374250919,0.5696646046781365,0.5820848637154455,0.5946259423931954,0.6072878407113861,0.6200463947419292,0.6330224241252658,0.6460467813647787,0.6591194664604678,0.6723371351246858,0.685723951285521,0.6993040788710613,0.7131983375217475,0.7272375797409627,0.7415909530253239,0.7561376377343901,0.7708534699400734,0.7859317610670791,0.8013241832592306,0.8170790643727044,0.8332205683355887,0.8496037115793543,0.8661801662478252,0.8833123912623236,0.9010728784071138,0.9194857916102842,0.9385028030156582,0.9579064372704427,0.9787599072105161,1.0
0.0,4.432624113475177E-4,0.0020996640537514,0.004479283314669653,0.007068868980963046,0.010031728256812244,0.01341452034341172,0.017053938036580812,0.020996640537514,0.024986002239641657,0.029092011944755507,0.033477976857036205,0.03807390817469205,0.042949794699514744,0.04812896603210153,0.05337812616648003,0.058883911907428144,0.0645996640537514,0.07043206420306085,0.07642777155655095,0.08265677491601343,0.08907241508025382,0.09558137364688317,0.10223030981709594,0.10901922359089213,0.1161114221724524,0.12346024636058231,0.13087905935050392,0.13832120194102276,0.1420539380365808,0.15339212392683838,0.1609975737215379,0.16867301231802911,0.176511758118701,0.18437383351997014,0.19232922732362823,0.20037793952967525,0.20854329973870847,0.21680197835013065,0.22513064576334454,0.2335059723777529,0.24211459499813362,0.2509098544232923,0.25975177304964536,0.2687103396789847,0.27780888391190744,0.28702407614781633,0.2964492347891004,0.3059443822321762,0.3155795072788354,0.3253312803284808,0.3352930197835013,0.345371407241508,0.35544979469951477,0.36564483016050764,0.37593318402388953,0.38645483389324375,0.3970931317655842,0.40245893990294884,0.41871967151922357,0.42963792459873085,0.4407194848824188,0.45187103396789846,0.4631159014557671,0.4744307577454274,0.4859555804404629,0.4977836879432624,0.5097984322508399,0.5220698021649869,0.534341172079134,0.5466592011944755,0.5590238895110116,0.5714352370287421,0.5838699141470698,0.596351250466592,0.6089492347891005,0.6216172079134005,0.6343318402388951,0.6472331093691676,0.6603210153042179,0.6734555804404628,0.6866601343784995,0.7000046659201195,0.7134658454647257,0.7272303098170959,0.7416946621873833,0.7562290033594625,0.770903322135125,0.78581093691676,0.8009051885031728,0.8163493840985442,0.8322135125046659,0.8484742441209406,0.865084919746174,0.8821388577827548,0.899822695035461,0.9180897723030982,0.9373600223964166,0.9575867861142218,0.978420119447555,1.0
0.0,9.417040358744395E-4,0.002802690582959641,0.004887892376681614,0.007443946188340807,0.010358744394618834,0.013766816143497758,0.0173542600896861,0.021210762331838565,0.025201793721973093,0.029349775784753365,0.03365470852017937,0.038295964125560536,0.043116591928251125,0.04816143497757847,0.053408071748878926,0.058878923766816145,0.0645964125560538,0.07042600896860987,0.07650224215246637,0.08266816143497757,0.08887892376681614,0.0952914798206278,0.10199551569506726,0.10885650224215247,0.11580717488789238,0.12278026905829596,0.12993273542600897,0.1372421524663677,0.14094170403587444,0.15233183856502241,0.16006726457399104,0.16789237668161436,0.1757847533632287,0.1837219730941704,0.19172645739910313,0.19982062780269058,0.20798206278026907,0.21621076233183856,0.22461883408071748,0.23311659192825113,0.2417488789237668,0.25051569506726457,0.2595067264573991,0.2685650224215247,0.2777130044843049,0.2869506726457399,0.29632286995515694,0.3060762331838565,0.31589686098654707,0.32573991031390137,0.3357399103139013,0.34576233183856503,0.3560986547085202,0.36654708520179374,0.3769955156950673,0.38751121076233186,0.3981390134529148,0.40347533632286997,0.4195964125560538,0.4304484304932735,0.4413677130044843,0.4523542600896861,0.4634977578475336,0.47484304932735427,0.48630044843049325,0.49791479820627804,0.5097309417040359,0.5217264573991032,0.5339686098654709,0.546322869955157,0.5587443946188341,0.5712556053811659,0.5838116591928251,0.5964349775784753,0.6091255605381166,0.6219058295964126,0.6346860986547085,0.6474663677130045,0.6603139013452914,0.6732286995515695,0.6863228699551569,0.6997085201793722,0.7133183856502242,0.7271973094170403,0.741390134529148,0.7558071748878924,0.7702914798206278,0.7850448430493273,0.8001569506726457,0.8156502242152467,0.8313677130044843,0.8474439461883408,0.8637668161434977,0.8808744394618834,0.8988116591928251,0.917286995515695,0.9362556053811659,0.9562331838565022,0.9775560538116592,1.0
0.0,0.001253322384769972,0.002982042915487175,0.005272597618687469,0.008060159474468958,0.011085420403224064,0.01432677139831882,0.01806512954599477,0.021997968753376406,0.026017243987293905,0.030101346241113297,0.034401538561272337,0.03896103896103896,0.04377984744041316,0.04862026492642133,0.05363355446550122,0.058884543077554724,0.06426518572941202,0.06986191844760896,0.07569635023877952,0.08179009010955766,0.08807831104004149,0.0944313589904272,0.10097888800051862,0.10765607105041382,0.11441969012684487,0.12139939926961557,0.12850876245219006,0.13574777967456836,0.13939970179570846,0.1505715582254684,0.15839401862696373,0.16630291505499492,0.17425502949629407,0.1822503619508611,0.190353739438598,0.19847872593296886,0.20666853944724162,0.21487996196814832,0.22322103852885883,0.23160533310283726,0.24011928171661948,0.24878449337683947,0.25762257709013114,0.2666119238498606,0.275644488622858,0.2847850984290252,0.29399053525509433,0.30343367115413705,0.3131793331460553,0.3231626942109471,0.33334053633554467,0.343626423493312,0.3539555286643473,0.3643278518486505,0.3747650020528556,0.38533180629686453,0.39594182855414134,0.40130086219936467,0.4174211811483026,0.42826890247855304,0.4393111048685092,0.4505045703049031,0.46174125375456493,0.47308598223739656,0.484538755753398,0.49627244635564105,0.5081790090109558,0.5201936166994403,0.5323594874343627,0.5446334032024548,0.5570153640037168,0.5695053698381486,0.5820818116991162,0.5947230805799857,0.6074723944940251,0.6203297534412343,0.6332735484149794,0.6463469974285282,0.6594852734619789,0.6727315945285995,0.6860643516217559,0.699634807787886,0.7133133089871858,0.7271214642262895,0.741059273505197,0.7552779998703459,0.7697776433217365,0.7845149858461007,0.7995548544633403,0.8149404671867234,0.8305637789830802,0.8465328348855803,0.862804416880956,0.8798323141085205,0.897422045508568,0.91596257320051,0.9353242431445427,0.9552261382544245,0.9763597467424423,1.0
0.0,0.0013516885709532523,0.00305689569123274,0.005365163866245217,0.00813092663450341,0.011291798369655631,0.01468141740143071,0.018237398103476958,0.021876559640658794,0.025557311595408416,0.02975794376975545,0.03422891365829313,0.038845450008318086,0.04387789053402096,0.04897271668607553,0.05421310929961737,0.05959906837464648,0.06502661786724338,0.07049575777740809,0.07619364498419565,0.0823698219930128,0.08869156546331725,0.09507569455997338,0.10166777574446847,0.10842621859923474,0.11526784228913659,0.1222550324405257,0.1293254034270504,0.13660372650141409,0.14024288803859591,0.15138911994676427,0.15906255198802197,0.16677757444684746,0.17453418732324072,0.1823739810347696,0.1904841124604891,0.1986358343037764,0.2068083513558476,0.2150016636167027,0.22329895192147728,0.23180419231409083,0.24051738479454335,0.24939693894526702,0.25833887872234235,0.26728081849941776,0.2762851439028448,0.2853934453501913,0.2946265180502412,0.3040051572117784,0.31377890534020964,0.3236358343037764,0.33363832972883045,0.3438903676592913,0.3542463816336716,0.3647687572783231,0.37537431375811015,0.3860630510730328,0.39679337880552323,0.4021793378805523,0.41835801031442355,0.42931708534353685,0.44035934120778575,0.4514431874896024,0.46263100981533856,0.47386042255864247,0.4854849442688405,0.4972550324405257,0.5091290966561304,0.5210655464980869,0.5331475628015305,0.5453335551488937,0.5576443187489603,0.570100648810514,0.5826401597072035,0.5952212610214607,0.6080311096323407,0.6210073199134919,0.6341290966561304,0.6473132590251206,0.6607053734819498,0.6741182831475628,0.6876143736483115,0.7011728497754117,0.7148353019464315,0.7286641157877225,0.7425345200465813,0.7565504907669273,0.7708160039926801,0.7854974213941108,0.8002620196306771,0.8156712693395441,0.8313508567626019,0.8471760106471469,0.8634586591249376,0.880198802195974,0.897645982365663,0.9162161038096822,0.9355764431874896,0.9554358675761104,0.9766053901181168,1.0
0.0,0.0013627254509018037,0.0028857715430861725,0.005170340681362726,0.008056112224448898,0.011202404809619239,0.014549098196392786,0.018056112224448896,0.021683366733466936,0.025571142284569137,0.03,0.034829659318637275,0.03975951903807615,0.04476953907815631,0.04997995991983968,0.055410821643286576,0.060961923847695394,0.06655310621242486,0.07218436873747495,0.07801603206412826,0.08404809619238476,0.09040080160320642,0.09683366733466933,0.10338677354709419,0.11,0.1166933867735471,0.12356713426853708,0.1306813627254509,0.13791583166332666,0.14154308617234468,0.15264529058116233,0.16022044088176352,0.1678557114228457,0.1755511022044088,0.18326653306613228,0.1913627254509018,0.19947895791583167,0.20763527054108216,0.21591182364729458,0.2242885771543086,0.23288577154308618,0.24158316633266533,0.2503607214428858,0.2591983967935872,0.2681563126252505,0.27717434869739477,0.2862324649298597,0.2954308617234469,0.30480961923847694,0.31438877755511024,0.32418837675350703,0.33410821643286576,0.34424849699398796,0.3545490981963928,0.3648897795591182,0.375310621242485,0.38587174348697395,0.3964929859719439,0.4018436873747495,0.4179959919839679,0.42881763527054106,0.43975951903807614,0.4508817635270541,0.4620240480961924,0.47342685370741483,0.48490981963927854,0.4967134268537074,0.5085771543086173,0.5205811623246493,0.5326653306613226,0.5448296593186372,0.5570340681362725,0.5694789579158317,0.5821843687374749,0.5949899799599199,0.6078356713426853,0.6207815631262525,0.6337675350701403,0.6469739478957915,0.6602404809619239,0.6736272545090181,0.6870741482965932,0.7007414829659319,0.7145290581162325,0.7285170340681363,0.7425851703406814,0.7568537074148297,0.7712625250501002,0.785751503006012,0.8004008016032064,0.815811623246493,0.8313426853707415,0.8472545090180361,0.8633867735470941,0.8799599198396794,0.897254509018036,0.9155310621242485,0.934749498997996,0.9544689378757515,0.9756713426853707,1.0
0.0,0.0011657729074376311,0.002467552654076319,0.004624232532835937,0.007635812543716484,0.010822258490712677,0.014105852179995337,0.0177003186445947,0.02143079194839512,0.025277842542939303,0.029474625009714775,0.034079427994093414,0.038917385559959584,0.043949638610398696,0.04913732804849615,0.05455817206808114,0.060076163829952595,0.06565244423719593,0.07130644283826844,0.077096448278542,0.08319732649413228,0.08953135929121007,0.09604025802440351,0.1027240226937126,0.10952436465376544,0.11640242480764747,0.12337763270381596,0.1304888474391855,0.13769720991684153,0.14136939457527006,0.15252195538975674,0.16000233154581486,0.16767700318644593,0.17542939302090618,0.1832595010491956,0.1912061863682288,0.19919173078417657,0.20729385249086812,0.21560969923058987,0.22421698919717106,0.2329019973575814,0.24162586461490634,0.2503691614206886,0.2591901764203,0.268050050516826,0.27698764280718113,0.2860223828398228,0.2952319888085801,0.3045581720680811,0.31409808036061243,0.3239488614284604,0.33399393798088134,0.34423331001787516,0.3545504002486982,0.36492577912489316,0.3753788761949172,0.38587083236185593,0.3963822180772519,0.4016864848060931,0.41777415092873244,0.4285575503225305,0.43947695655552965,0.45061008782155904,0.4618597963783322,0.473420377710422,0.48505867723634105,0.4968524131499184,0.5087044377088676,0.5206924691070179,0.5327582186989974,0.5449016864848061,0.5571423020129013,0.5694606357348255,0.5819732649413227,0.5947190487293075,0.6076396984534079,0.6205797777259656,0.6336170047408098,0.6468096681433123,0.6600606201911867,0.6733698608844331,0.6868151084168804,0.7003963627885288,0.7141136239993783,0.7279280329525142,0.7419755964871376,0.7562368850547914,0.7705758918162742,0.7851480531592446,0.8000505168259889,0.8151667055257635,0.8303994715162819,0.8464871376389212,0.862671951503847,0.879400792725577,0.8970428227247998,0.9154037460169425,0.9346195694412062,0.9542239838346157,0.9752467552654076,1.0
0.0,8.098080943143938E-4,0.0018832746379404508,0.0038230475150191155,0.006629126725550387,0.00977419537091094,0.013107591480065538,0.016629315053014182,0.020245202357859846,0.024124748112017175,0.028324450554624382,0.032674814968266824,0.03749599804139438,0.04256200681745419,0.047816343057308044,0.05322134126819714,0.058758168703742064,0.0643514943784252,0.07015198026328179,0.0760089643872766,0.08205427597506544,0.08849507523682179,0.09503003823047515,0.10169683044878434,0.10853311738450819,0.11563306276954369,0.12282717188647621,0.13005894649616753,0.1374225503305147,0.1411514341136368,0.1523757509557619,0.1599653477466619,0.16757377728394132,0.17527637055311776,0.18307312755419122,0.1909075500480235,0.1987796380346146,0.20699071545603495,0.21546545132676698,0.22412851466129305,0.23288574172771614,0.24173713252603626,0.2507203525490122,0.2597224053183676,0.26876212358048174,0.27783950733535473,0.28704872031488354,0.2963144315335505,0.30565547373773516,0.3150341814346786,0.3246765475809337,0.3346202376692593,0.3447899207141377,0.354997269251775,0.36531761426768866,0.3757886212546376,0.3863537919734835,0.39699429367784705,0.4023427936495979,0.4184259590576094,0.42923595547938753,0.440196613872201,0.4514209307143261,0.4628335750202452,0.47434038305806137,0.48601668581329216,0.49776831955404055,0.5095576187875478,0.5214599144993315,0.5334375411966327,0.5454340006403133,0.5576752857869263,0.5701048983973332,0.5825910092468785,0.5951901165747001,0.6079775513663157,0.6209344808753461,0.6339479086235146,0.6470178346108213,0.6601630915836456,0.6734401777811259,0.6868302604568824,0.7003710051036742,0.7140247462287426,0.7278103165784666,0.7418972108702612,0.7563042618505057,0.7708054765626471,0.7854950187385826,0.8005235503493474,0.8157027439311475,0.8311455959622592,0.8470780993992354,0.8632365957927645,0.8800354055631933,0.8975875251887983,0.9157799581913031,0.9349893594982956,0.9545000847473587,0.9754044332284977,1.0
0.0,3.461720657362533E-4,0.001366468680537842,0.0032613052508836497,0.005903144699923478,0.009109791203585614,0.012571511860948147,0.016178989177568052,0.01987756440622381,0.02370367671172977,0.027675545676493093,0.0321029042014357,0.03694931312174325,0.04195969828371534,0.04720693801698065,0.05256349524468899,0.05804758954924753,0.0636410013482491,0.06934373064169369,0.07530153408883869,0.08140509419524104,0.08781838720256532,0.09446853478118282,0.10120978027183616,0.10800568450971104,0.11494734540684327,0.1220894217104544,0.12932259592610137,0.13666508763619137,0.1403818824472543,0.1517144627045148,0.1593302481507124,0.1670371315089458,0.17479867361440077,0.18263309404948438,0.19063149072623256,0.19870276573260942,0.20702911489268666,0.21550122071202127,0.2241737419378348,0.23295558065809133,0.24179207812556935,0.25066501475786174,0.25964726888459716,0.26864774259373975,0.27768465546769666,0.28681266625368945,0.29606821411653245,0.30541485989141126,0.31488904274314033,0.32449076267171956,0.33418358051233465,0.344222570418686,0.3543708778194804,0.3646285027147178,0.37510476259884123,0.3855992420653719,0.3963305761031957,0.40176001166053277,0.4181394162445797,0.42910760485369676,0.4401668913748497,0.45133549539044565,0.46264985606529896,0.47412819298181685,0.48578872572240644,0.49748569762781036,0.5092373282804358,0.5210253980978756,0.5328681266625369,0.5447655139744197,0.5568086579455599,0.5689611194111431,0.5814415333600554,0.5940312648034107,0.6067120941588019,0.6196115585030791,0.632583901176985,0.6456473417629268,0.65876544109609,0.6720475166709179,0.6854753489050031,0.6990489377983456,0.7126589658565026,0.7265058484859527,0.7405895856866961,0.7549101774587327,0.7696680392085413,0.7846080967824217,0.7996574718507452,0.8148708231607331,0.8303756877892359,0.8462267244834748,0.8623510549138214,0.8793134861348978,0.8969682614874467,0.9151331851473964,0.9341726487628903,0.953722260685785,0.9747294392012535,1.0
0.0,3.365333522264338E-4,0.0013284211272096072,0.003099649296822417,0.005543944170888094,0.008448758369053101,0.01199121470827872,0.015586807892592723,0.019306387048779624,0.023167664458535547,0.027206064685252756,0.03168727195437316,0.036416451167239364,0.04126961635197846,0.04642389032555174,0.05179071167947855,0.05719295759679762,0.06271918948598959,0.06826313365687768,0.07393106379963867,0.07984696588614545,0.08625881186014382,0.09281235608771123,0.09948988628715151,0.10622055333168019,0.11307520634808176,0.12017783130822912,0.127351305395161,0.13461334089057353,0.13824435863827977,0.14938538382514435,0.15693081582769491,0.1646710829289029,0.17251762372028764,0.18039958907506465,0.18845867724680293,0.19671260051719863,0.20505508519607496,0.21355698041021645,0.22221828615962308,0.23095044103581425,0.2397003081937015,0.24855644904176555,0.25762513727018316,0.266729250061993,0.27597506110737186,0.285256296716143,0.2945906691700025,0.30397817846895037,0.31340111233129053,0.3230365935739842,0.332831485351943,0.34276807538347087,0.3528463636685678,0.36303092564384143,0.37339261043607636,0.38384285663679196,0.3944170888093804,0.3997839101633072,0.41632718126749085,0.4275036310177477,0.4387863544581813,0.4501576393070955,0.4615466364377059,0.47307733182188527,0.48466116405115306,0.49626270856211696,0.5079528144815615,0.5198731800630557,0.5318289702079422,0.5438201849162209,0.555864536469588,0.5680151617131319,0.5803960466187255,0.5929717666229763,0.6056360480357079,0.6184774522654009,0.6314251301852705,0.6444790817953169,0.6577278685040207,0.6710829289029012,0.6845442629919586,0.6980941584894966,0.7117503276772114,0.7255127705551029,0.7393637748414751,0.7535690247617698,0.7680576711892025,0.7829891246590386,0.7980622763824435,0.8133656877678983,0.8288462219703142,0.8448758369053101,0.8610471500938751,0.8781395019306387,0.8959403450352474,0.9143256934358284,0.9334018208225584,0.9529916043784761,0.9739098090616033,1.0
0.0,3.765962545790681E-4,0.0015063850183162724,0.0032353041870656304,0.005734533876544901,0.0088500119826081,0.01217090622753261,0.015799924680749085,0.01954876921496799,0.02345167585333288,0.027525762607415523,0.03183950152350303,0.036444246636310726,0.04133999794583861,0.04635557533636893,0.05162792290047588,0.05705433256872881,0.06254921428326886,0.06819815810195488,0.07389845595535623,0.07982128795919066,0.08606936218288884,0.09255708856859188,0.09913040501215378,0.10580642952514636,0.11263651614228491,0.11953507480571057,0.12663904960799754,0.13391420452600225,0.1375774590023623,0.14878975658187546,0.15650997980074635,0.16436714711219144,0.17237837652778254,0.1804751960012325,0.18864048752096957,0.19687425108699375,0.20519360471087678,0.21370125646204938,0.2223800883289397,0.2310931562189736,0.2398746961552946,0.2487418261494745,0.2578486083056592,0.26702386250813104,0.2762847067684618,0.28566537710979495,0.2950974014858434,0.3045636618850354,0.3140470402957992,0.32371871683385256,0.3335273374644801,0.3435242562223972,0.35367523708446025,0.36396316203909757,0.374388031086309,0.3849498442260947,0.3955630114005957,0.40092094902256153,0.4172172960388921,0.4282412954911157,0.4393851210243418,0.4508541887774316,0.462357492553665,0.4738779143414701,0.48543257215241875,0.49703858399808276,0.5087644219247492,0.5205244958745592,0.5325413399979458,0.5446266561676195,0.556883152453011,0.5691910027731178,0.5816186791742272,0.5940805915984799,0.6066794481153069,0.6194152487247081,0.6322366393919683,0.6452120921633743,0.6583416070389264,0.6715567119723372,0.6848060529288917,0.6981409839433051,0.7116128590502927,0.7252901502961416,0.7391215036461365,0.7535006333664281,0.7680851792255812,0.7828237871888801,0.7977678112910405,0.8131055496593516,0.8286144681433805,0.8444657468588449,0.8609332739908933,0.878205347666815,0.8960251977130337,0.914324352083262,0.933342462939505,0.9528741141429011,0.9736211441678935,1.0
0.0,3.3295044032695734E-4,0.0016148096355857431,0.0035792172335147913,0.006109640579999667,0.009139489586974978,0.012518936556293596,0.016098153789808386,0.01991043633155205,0.023872546571442842,0.027901246899399025,0.03209642244751869,0.03652466330386722,0.04143568229868984,0.04652982403569229,0.05197356373503804,0.05750054104446553,0.06314405100800746,0.06887079858163113,0.07474737385340192,0.08079042434533619,0.08696665501340126,0.09325941833558075,0.09968536183389103,0.10624448550833208,0.11303667449100202,0.11992874860577003,0.12693735537465248,0.13406249479764937,0.1376583595531805,0.14877890426010087,0.15638682182157185,0.16417786212522267,0.17218532021508598,0.1802926634370474,0.1884665967470742,0.19677371023323179,0.2051973563735038,0.21373753516789026,0.22239424661639115,0.23116749071900647,0.2400406199537199,0.248947044232466,0.2578867635552448,0.26687642544407264,0.27598261998701495,0.2851886996620553,0.29459454960129183,0.3041502272386755,0.31382243753017364,0.3236111804757862,0.33343321846543145,0.34342173167524015,0.353560072583196,0.36386488871131534,0.3743361800595981,0.38495729910602805,0.39566165576253975,0.40108874793986915,0.4173866719938737,0.4284406266127287,0.4396277614077145,0.450898133812782,0.4623183339159966,0.473871714195342,0.4854417419967038,0.4971948925402454,0.5090312806938687,0.5209342589355574,0.5329038272653116,0.5450731658592618,0.5573257420632939,0.5695949657893422,0.5820140172135377,0.5945329537698314,0.6072350130683047,0.6200536050208927,0.6329554345835622,0.6459405017563136,0.659075396627212,0.672376766718274,0.6857447268974013,0.6992125722086268,0.7127303600859012,0.7262980905292247,0.7402154189348915,0.7544989928249181,0.768998984501157,0.7837986315736902,0.7986482212122725,0.8137974662471491,0.8293628993324343,0.8453611679901447,0.8617090346101983,0.8790557525512327,0.896868601108725,0.915247465414773,0.9341091078592951,0.9533702908322096,0.9742296359186935,1.0
0.0,4.213460385369569E-4,0.001815029089082276,0.0038569368142998364,0.006644302915390475,0.009950248756218905,0.013418250765715397,0.017064514560746754,0.020840423290712562,0.024778388189346426,0.028797381172314323,0.032881196622749444,0.03715947947558624,0.042037370152494855,0.04702870014747111,0.0523603480966503,0.058064725233766025,0.06380151360461536,0.06958691882606512,0.07542094089811528,0.08138460790509991,0.08739689176268495,0.09361984863953847,0.10010209538626087,0.10658434213298329,0.1133096731327078,0.12016464906736675,0.1272789148718946,0.13444179752702287,0.1380556500883206,0.1490592639408819,0.15664349263454713,0.16435736626314681,0.17216847359294732,0.18030369326008394,0.1885523522452882,0.19691445054856013,0.20537378255303287,0.21394655387557326,0.22258414766558088,0.23130276953992254,0.2400862138817314,0.24899930315847474,0.25794480366895167,0.2669875378806294,0.2760626833260408,0.2852674737063866,0.29478017080720176,0.3044063072260846,0.3140810604955678,0.323836841849385,0.33368985690440306,0.34386698429675727,0.35412513977344545,0.36448052895133454,0.37501417991475844,0.3856126533456496,0.39632456609460837,0.401704830894388,0.41800768146239486,0.42899508969808936,0.44001490916751745,0.45129401850681444,0.4626865671641791,0.47412773267214414,0.48563372064757643,0.49720453109047597,0.5090184257863776,0.5208809373328795,0.5329217106649164,0.5450921289318877,0.5573111640494596,0.5696598441019658,0.5820571410050723,0.5945192603756462,0.6070299965968204,0.6196703777529292,0.63255384316204,0.6455345422723516,0.6586935031681981,0.6718848752977782,0.6852220979791596,0.6988672273810103,0.7126582073346622,0.7264815985220477,0.7403536065600337,0.7545335213184889,0.7688592866287455,0.7836388092112726,0.7985965935793345,0.8137326397329314,0.8291117701395304,0.8449122465846662,0.8613447420876076,0.8788306026868913,0.8969322767271136,0.9155039136564733,0.9343510460725688,0.9536033189103343,0.9743303028829793,1.0
0.0,3.6473200126863303E-4,0.00188709165873771,0.003948620361560419,0.006390738978750397,0.009419600380589914,0.012908341262289883,0.016492229622581667,0.020329844592451633,0.024262607040913417,0.028306374881065653,0.03252457976530289,0.03701236917221694,0.04169045353631462,0.04674912781477957,0.05217253409451316,0.05781795115762765,0.06354265778623533,0.06937836980653346,0.0753092293054234,0.08133523628290516,0.08751982239137329,0.09386298763082779,0.10030130034887409,0.10677132889311766,0.11341579448144624,0.12039327624484618,0.12748176339993658,0.1347129717729147,0.13832857595940373,0.1493815413891532,0.1569616238503013,0.16474785918173168,0.17261338407865526,0.18062163019346655,0.18882017126546147,0.1971138598160482,0.20559784332381859,0.21416111639708216,0.2228512527751348,0.2316206787186806,0.24053282588011418,0.24950840469394228,0.25854741516016494,0.26776086267047255,0.2770060260069775,0.28631462099587696,0.2957183634633682,0.30520139549635267,0.31481129083412623,0.3246431969552807,0.3346653980336188,0.3447827465905487,0.35502695845226767,0.36535045987947984,0.3758166825245798,0.3864732001268633,0.39722486520773864,0.4026324135743736,0.41888677450047573,0.429860450364732,0.4409451316206787,0.4521883920076118,0.463558515699334,0.4749603552172534,0.4863939105613701,0.49801776086267047,0.50976847446876,0.5216460513796385,0.5338090707262925,0.5460196638122423,0.558325404376784,0.5706787186806216,0.5830954646368538,0.5955756422454805,0.6081033935934032,0.6207580082461148,0.6335553441167142,0.6464636853790041,0.6594988899460831,0.6727402473834443,0.6861877576910879,0.6997621313035205,0.7134792261338407,0.7272756105296543,0.7411354265778624,0.7550745321915636,0.7693149381541389,0.7840152235965747,0.7989216619092927,0.8141294005708849,0.8295274341896607,0.8452584839835078,0.8617824294322867,0.8792578496669838,0.8973041547732319,0.9159689184903267,0.9348715509039011,0.9541230574056454,0.9747224865207739,1.0
0.0,4.4740658459070014E-4,0.001990187910765528,0.004119226140886791,0.006525965009719522,0.009580672035545681,0.013113641272486038,0.016816316455305624,0.020580702891172205,0.02456107871270326,0.028834582986207533,0.03323150976580579,0.037798142491283285,0.04250362553611651,0.047548520472708196,0.05280940479496436,0.0583171341294085,0.06400999722299361,0.06987256626245796,0.07582770218149279,0.08195254404640687,0.08818538060415317,0.09447992841494647,0.1008516152920485,0.10730044123545929,0.11396525656453455,0.12078435002622728,0.12777314943379925,0.13490079916072695,0.13852633527723782,0.14969607207874355,0.1574408343361412,0.16527816347310934,0.17323891511617143,0.18143108395815977,0.1896849640531951,0.19798512758801567,0.20640871362893023,0.21506371686877102,0.22376500354839704,0.23254342929433183,0.24142984973309883,0.2503625536116511,0.2594495356228208,0.26859822888703755,0.27782406121756303,0.28715788824092076,0.29656885433058716,0.30602610386003887,0.31557592026906106,0.325326298250486,0.33529266561757537,0.34538245549075874,0.35576537381591533,0.36622543120738066,0.37680891110493997,0.3873923910024993,0.39806843777962914,0.4034373167947175,0.4196982319726002,0.43065197938844146,0.4418679996297325,0.45314573112407047,0.4645623129377642,0.47611774507081367,0.48775031627017185,0.49950630997562406,0.5114165818136938,0.5233577092782868,0.5353296923694035,0.547440525779876,0.559751920762751,0.572140454811935,0.5846369835539511,0.5971643679224906,0.609768891357339,0.6224042704187108,0.6351630719861767,0.6480915794995218,0.661128081705699,0.6743651454842791,0.6878490542750471,0.7014101021321238,0.7150791446820328,0.7288716097380358,0.7427874973001327,0.7567496683020148,0.7709124008762998,0.7854454009688667,0.800379524206239,0.8155450646425376,0.8308648832114536,0.8464469746058194,0.8630627294887223,0.8802493134623098,0.8981301490326761,0.916581813693727,0.935465457126107,0.9547193680767688,0.9750995093955382,1.0
0.0,9.023234829686443E-4,0.0026016993758929243,0.004797353184449959,0.0073088202120460185,0.010376720054139409,0.013880742913000978,0.017474998120159412,0.021234679299195428,0.025099631551244454,0.02922024212346793,0.03379201443717573,0.038514173998044965,0.04334160463192721,0.04830438378825476,0.05349274381532446,0.058831491089555606,0.06447101285810963,0.07029099932325739,0.0762312955861343,0.08242725016918566,0.08866832092638545,0.09495450785773367,0.10140612076095946,0.10797804346191443,0.11464019851116625,0.12148281825701181,0.12846078652530266,0.13552898714189038,0.13915331979848108,0.15010151139183397,0.15756071885104142,0.16545604932701707,0.17348672832543802,0.1816076396721558,0.18984886081660277,0.19810512068576586,0.20664711632453567,0.2152191894127378,0.22386645612452064,0.23257387773516805,0.2413564929693962,0.2502293405519212,0.2591322655838785,0.2680953455147004,0.2771486577938191,0.28626212497180237,0.29563125046996014,0.3051357244905632,0.3148357019324761,0.32461087299796976,0.33452139258590874,0.3447627641176028,0.35510940672230995,0.36554628167531394,0.37605835025189865,0.38673584480036094,0.3974734942476878,0.4028874351454997,0.4192646063613806,0.430272952853598,0.4414166478682608,0.45268065268065266,0.464095044740206,0.47567486277163695,0.4873900293255132,0.4992255056771186,0.5111211369275885,0.5230919618016392,0.5351079028498383,0.5473193473193473,0.5596511015865855,0.5720580494774044,0.5845401909918039,0.5970975261297842,0.609715016166629,0.6224828934506353,0.6353410030829386,0.6482592676141063,0.6612978419430032,0.6745619971426423,0.6880216557635912,0.7015865854575531,0.7153019023986766,0.7290924129633807,0.7429731558763817,0.7571396345589894,0.771501616662907,0.7862094894352959,0.8011279043537108,0.8164373261147455,0.8318670576735093,0.8476126024513121,0.8642153545379352,0.8812391909166103,0.8987743439356343,0.91712158808933,0.936010226332807,0.9554101812166328,0.975682382133995,1.0
0.0,0.0011716461628588166,0.003104862331575864,0.005448154657293498,0.007893966022261277,0.010837727006444054,0.01439660222612771,0.017984768599882836,0.02166080843585237,0.02558582308142941,0.029759812536613944,0.034197422378441714,0.03872290568248389,0.043482718219097834,0.04840363210310486,0.05348564733450498,0.058875219683655534,0.06452841241944933,0.07045987111892209,0.07656707674282366,0.08287932044522554,0.08933801991798476,0.09586994727592267,0.10248974809607499,0.10922671353251318,0.11597832454598711,0.12280316344463972,0.12978910369068541,0.13687756297598125,0.1404364381956649,0.15136203866432338,0.15894844756883422,0.16675454012888108,0.1748388986526069,0.18301113063854715,0.1912272993555946,0.19953134153485647,0.20798183948447568,0.2165055653192736,0.22510251903925016,0.23378734622144112,0.24254540128881077,0.2513620386643234,0.2601933216168717,0.269083186877563,0.27803163444639717,0.287170474516696,0.2966461628588166,0.3062390158172232,0.3159343878148799,0.3257615700058582,0.33574985354422965,0.34578207381370824,0.35590216754540127,0.3662126537785589,0.3767574692442882,0.3873608670181605,0.3980374926772115,0.4034124194493263,0.4198447568834212,0.4308728763913298,0.44207674282366727,0.4534124194493263,0.464879906268307,0.4764792032806093,0.48821031048623315,0.5000878734622144,0.5120240187463386,0.5240480374926773,0.5362331575864089,0.5484475688342121,0.5606912712360868,0.573066783831283,0.5855301698886937,0.5980374926772115,0.6106473345049795,0.623345049794962,0.636115992970123,0.6490333919156415,0.6620533099004101,0.675219683655536,0.688605741066198,0.7022261277094317,0.7159490333919156,0.7297305213825425,0.743585237258348,0.7576157000585823,0.7720269478617457,0.7867603983596954,0.8018306971294669,0.8172231985940246,0.8327328646748682,0.8485061511423551,0.8650117164616286,0.8819566490919742,0.8995752782659637,0.9179115407147042,0.936672524897481,0.95597539543058,0.976215582893966,1.0
0.0,0.001330357909192344,0.003318742311103482,0.005764884273166824,0.008411295167796755,0.011200755299974252,0.014605327153606271,0.0181386433210311,0.021800703802248734,0.025677338139787714,0.02992590049495036,0.0342745973163963,0.03888078276542786,0.043758761765799785,0.04882270477498355,0.05400108717420536,0.05937973850599376,0.06508740308414156,0.07096672674734644,0.07708923411438218,0.08332618087145595,0.08972048178983207,0.09624352702200097,0.10290962149171745,0.10963293565645295,0.11639916459245273,0.1232655279947358,0.13018911109203787,0.1372700483506423,0.14088919406059566,0.15180385088547477,0.1592138013904386,0.16692415529425228,0.1748204732068778,0.1828884502045604,0.19108517151603582,0.1993248075987755,0.20770749291906274,0.2161760077818785,0.2246731324922038,0.2332417818213029,0.24188195576917576,0.2506222641833319,0.2594340972162618,0.2683746745629846,0.2773867765284811,0.28659914742654424,0.29606900695219296,0.3056533058678797,0.31536634909735933,0.3251652218693674,0.3350928389551684,0.34504906588847883,0.3550339026692988,0.3652762280777043,0.37570451749492173,0.386318770920951,0.39701885388950875,0.40241181014505195,0.418790947844248,0.430006008067977,0.44126398306297027,0.45257917775298256,0.4640231167567877,0.47563871484564985,0.48751180156209767,0.499413498126055,0.5113581094612766,0.5233599404915171,0.5355334306068149,0.5478213601121507,0.5602666437787887,0.5727834520642004,0.5853288701971219,0.5979028981775527,0.6105198409292478,0.6231653935284525,0.6358967756701857,0.6488141218207307,0.6618459073613138,0.6749778273681801,0.6882098818413298,0.7018138643321031,0.715560896060424,0.7293937573312734,0.7433410579921609,0.7574314078905959,0.7718936858066546,0.7868852459016393,0.8021772093954739,0.8177838812119131,0.8334763825708809,0.8493262380911509,0.8658055102566303,0.8827854547535262,0.9003232912768575,0.9184333247503791,0.9370154207078076,0.9561840185391812,0.9766257545847281,1.0
0.0,0.001565667155937653,0.0035786677850003497,0.006192772768574824,0.008904731949395402,0.011756482840567555,0.015097504717970224,0.018508422450548682,0.022073111064513873,0.025931362270217376,0.030027259383518558,0.034612427483050254,0.03942126231914447,0.044272034668344167,0.04922066121478996,0.05429510030055218,0.05970503949115817,0.065366603760397,0.07116795973998742,0.07709512825889425,0.08328790102746907,0.0896763821905361,0.09613475920877892,0.10266303208219753,0.10924722163975677,0.11594324456559726,0.12270916334661354,0.12955895715384078,0.13663241769763054,0.14029496050884183,0.15139442231075698,0.15892919549870693,0.16660376039700844,0.17459984622911862,0.18263786957433426,0.19084364297197176,0.19913329139582023,0.20749283567484447,0.21590829663800937,0.22437967428531488,0.23292094778779618,0.24153211714545328,0.250199203187251,0.2589501642552597,0.2677850003494793,0.2767456489830153,0.2859159851820787,0.2952820297756343,0.3046900118822954,0.31416788984413224,0.32388341371356677,0.3336828126092123,0.3436080240441742,0.3537848605577689,0.3640455720975746,0.3744041378346264,0.3848885161109946,0.39547074858460896,0.400796812749004,0.41729223457049,0.4285035297406864,0.43979869993709375,0.45113580764660655,0.46255679038233033,0.4742433773677221,0.48609771440553573,0.49803592646956035,0.5101139302439366,0.5222758090445236,0.5344656461871811,0.5467114000139792,0.5590270496959531,0.5713986160620675,0.5838820157964633,0.5964912280701754,0.6092681903963095,0.6221010694065842,0.6350457817851402,0.6480464108478368,0.6611448941077794,0.6744390857622143,0.6878451107849305,0.7013350108338575,0.7150905151324527,0.7289298944572586,0.7429649821765569,0.7572237366324177,0.7717201369958762,0.7869434542531628,0.8024603341021878,0.8181170056615643,0.833969385615433,0.8499615572796533,0.866429020759069,0.8834696302509262,0.9008597190186622,0.9190326413643671,0.9374991263018103,0.9566505906199763,0.9769763053050954,1.0
0.0,0.0017226764376145033,0.003759809685269749,0.00607038363730825,0.008640726258510843,0.011484509584096688,0.014492357332312487,0.017691613573596564,0.021205326624921386,0.024924120204533648,0.02895737059418665,0.03351015832216784,0.03828169861365563,0.04320363129255421,0.04822126821798693,0.05338929753083044,0.05900850400590632,0.06466872658663969,0.07042465341390719,0.07652238112165377,0.08270214104071533,0.08903229334718767,0.09540346175931749,0.10184299034754314,0.10832353504142626,0.11488611194662438,0.12170845752098658,0.12865385141232125,0.1356402614093134,0.1391539744606382,0.15018730688250254,0.15769325421782288,0.16539061004621147,0.17329304640288754,0.1813732192174127,0.18956276831369118,0.19786169369172296,0.20626999535150803,0.21470564108173143,0.22320964698805065,0.23178201307046567,0.24040906729375736,0.24911815372836402,0.2579502884799431,0.2668917995132756,0.27587432665226547,0.28491154193213203,0.2940444614585327,0.30327308523146757,0.3126931174974707,0.32223619808044623,0.3320527193678051,0.34211533728910887,0.3522873314921659,0.36251401383609966,0.37285007246178664,0.3832544912635695,0.393713598206229,0.39896365973038744,0.4155341664160127,0.42666320308441114,0.43799732028109706,0.4494544857947554,0.46102102759016705,0.4727106177025512,0.48457794427278444,0.4964999589838943,0.5086133821880725,0.5207814935331273,0.5329632769134013,0.5452134204697712,0.5575455962374559,0.5700281643925514,0.5826474528998387,0.5954171337945366,0.608214158759673,0.6210932159361242,0.6340406332886713,0.6470427387820951,0.6601132044516147,0.6733614065789834,0.6867600010937628,0.7004320363129255,0.7141724317081841,0.7279811872795384,0.7420497115200568,0.7564463646058353,0.7714172431708184,0.7866615624401848,0.8022340105548111,0.8179158349511908,0.8337890678406388,0.8498810532935933,0.8663695277679035,0.8833912116157612,0.9010418090837002,0.91917092778431,0.937655519400618,0.9569194170244183,0.9772497333953132,1.0
0.0,0.001884774762732255,0.003889854297553803,0.00629594973933966,0.008822349953214811,0.011535890923673306,0.014329635075524663,0.0174842935436439,0.020705787996257184,0.024421868734126453,0.028579066969656463,0.03311054671835316,0.037802432829835586,0.04270819409169897,0.047908033685336186,0.05332174842935437,0.05892260392995589,0.06469723299024195,0.07048522924742681,0.0764202646704986,0.08243550327496324,0.08862451543911241,0.09492046517845208,0.10136345408367865,0.10799358374548858,0.11475738537628659,0.12160139018847747,0.1286058013634541,0.13569041571982354,0.13931292607940116,0.15030076193022324,0.1577730249966582,0.16532549124448603,0.17314530143029006,0.181112150781981,0.18914583611816602,0.19731319342333914,0.20561422269750032,0.2139954551530544,0.222550461168293,0.2312124047587221,0.23988771554604998,0.24862986231787193,0.25742547787728914,0.26627456222430157,0.275190482555808,0.28417323887180856,0.2933431359443925,0.3027269081673573,0.31223098516241143,0.32192220291404894,0.33166688945328165,0.34151851356770485,0.35149044245421734,0.3618633872476942,0.3722496992380698,0.38270284721293946,0.3932495655661008,0.3986499131132202,0.41498462772356637,0.42607940114957893,0.43749498730116293,0.44905761261863386,0.4606469723299024,0.47232990241946265,0.48410640288731455,0.4959764737334581,0.5079267477609946,0.5199171233792274,0.532067905360246,0.5443122577195562,0.5565833444726641,0.5689480016040637,0.5814997994920466,0.5941585349552199,0.6069910439780778,0.6199171233792273,0.6328966715679722,0.6459831573319075,0.6592434166555273,0.6726373479481352,0.686111482422136,0.6996658200775298,0.7133671968988103,0.7273359176580672,0.7414650447801097,0.7558481486432295,0.7706322684133138,0.7858441384841599,0.8013099852960834,0.8170699104397808,0.8329635075524663,0.8494051597380029,0.866100788664617,0.8830503943323085,0.9008555006015239,0.9191284587621976,0.937628659270151,0.9569308915920332,0.9773426012565165,1.0
0.0,0.0019369192514068839,0.00410940976312001,0.006530558827378615,0.009095668106268813,0.011673864677398246,0.01434367229420233,0.01720978929459495,0.020507786938882347,0.0241198795969114,0.028333987697945297,0.03292762727391703,0.03770448894123806,0.0427038345766261,0.047925664180081144,0.05335689045936396,0.05891898966103913,0.06463813636958514,0.07044889412380578,0.07631200104698338,0.08238450464598875,0.08866640492082188,0.09505300353356891,0.10162282423766522,0.10829734327967544,0.11505038607512105,0.12199973825415522,0.129040701478864,0.1361863630414867,0.13979845569951577,0.1506609082580814,0.1580290537887711,0.1655804214108101,0.17326266195524145,0.18118047375997906,0.18922915848710903,0.1974348907211098,0.2057584085852637,0.21413427561837456,0.22260175369716007,0.23114775552938097,0.23973301923831958,0.24839680670069364,0.2571522052087423,0.2660123020547049,0.2749640099463421,0.2840204161758932,0.2932076953278367,0.30253893469441173,0.31192252322994374,0.32148933385682504,0.33129171574401256,0.3412118832613532,0.351249836408847,0.3614710116476901,0.37187540897788246,0.3823845046459887,0.39298521135976966,0.3983771757623348,0.41469702918466167,0.42574270383457663,0.43699777516031935,0.448475330454129,0.46009684596257033,0.471849234393404,0.48368014657767305,0.4955634079308991,0.5075121057453212,0.519486978144222,0.5315403742965581,0.5437377306635257,0.5560528726606465,0.5684727129956811,0.5809318152074335,0.593561052218296,0.6062688129825939,0.6190550975003272,0.6320507786938883,0.6451642455176024,0.6586179819395367,0.6721633294071456,0.685839549797147,0.6995550320638659,0.7133359507917811,0.7273262661955241,0.7415259782750949,0.7558696505692972,0.7704750687082843,0.7856301531213192,0.8010338960868996,0.8168564324041356,0.8328621908127208,0.8491820442350477,0.865907603716791,0.882842559874362,0.9005889281507656,0.9187410024865855,0.9374296558042141,0.9568904593639576,0.977123413165816,1.0
0.0,0.0018682021753039027,0.004222648752399232,0.006705054382597568,0.009277031349968011,0.011938579654510556,0.01471529110684581,0.017696737044145875,0.021010876519513756,0.024504158669225846,0.02873960332693538,0.033294945617402434,0.03804222648752399,0.04312220089571337,0.04830454254638516,0.05376839411388356,0.059398592450415864,0.06510556621880999,0.070850927703135,0.07676263595649392,0.08289187460012797,0.08909788867562381,0.09543186180422265,0.1018937939859245,0.10857325655790147,0.11547024952015356,0.12244401791426743,0.12949456174024312,0.13658349328214972,0.1401791426743442,0.1511964171465131,0.15870761356365962,0.16639795265515034,0.17415227127319258,0.1820601407549584,0.19008317338451697,0.1981573896353167,0.20625719769673703,0.2144977607165707,0.22291746641074855,0.23137555982085733,0.2400255918106206,0.24877799104286627,0.25755598208573255,0.26644913627639155,0.27548304542546387,0.28455534229046703,0.29369161868202176,0.30290467050543823,0.3121817018554063,0.32161228406909786,0.3311836212412028,0.3410492642354447,0.3510428662827895,0.36116442738323734,0.3714651311580294,0.3820089571337172,0.392680742162508,0.3980550223928343,0.4142290467050544,0.4251183621241203,0.4363659628918746,0.44766474728087013,0.45915547024952014,0.4707485604606526,0.4824184261036468,0.49425463851567497,0.506257197696737,0.5183621241202815,0.5307101727447217,0.5430838131797825,0.5555214331413948,0.5680358285348689,0.5806269993602048,0.5932821497120921,0.6060268714011516,0.6188483685220729,0.6317338451695458,0.6449136276391555,0.6581957773512476,0.6717722328854766,0.6854126679462572,0.6991554702495202,0.7130262316058861,0.7269609724888035,0.7411260396673065,0.7554318618042226,0.770044785668586,0.7852591170825336,0.8006525911708253,0.8163147792706335,0.8324120281509917,0.8487396033269354,0.8652847088931542,0.8824440179142674,0.9002687140115163,0.9186308381317978,0.9374536148432502,0.9570569417786309,0.9773000639795265,1.0
0.0,0.0017299303013588727,0.0041869327583613294,0.006781828210399639,0.009489545203830918,0.012272476558190843,0.015230908088050945,0.01823948252519681,0.021636664493807353,0.025184275184275184,0.029621922479065338,0.03412224840796269,0.03866018151732437,0.0437622223336509,0.049089906232763374,0.05460562603419746,0.060158953016095876,0.06585017299303014,0.07174196459910745,0.07785939928797071,0.0840771197914055,0.09033244747530461,0.09666298952013237,0.10306874592588879,0.10976282404853833,0.11660733089304517,0.12355212355212356,0.13059720202577346,0.1378052449481021,0.1414656771799629,0.1525597954169383,0.16009376723662438,0.16771548914406056,0.17539988968560397,0.18317204031489745,0.19103194103194104,0.19899212756355614,0.2070275284560999,0.21522589379732238,0.22356215213358072,0.232011232011232,0.2406734192448478,0.24946096374667803,0.25833625833625834,0.26723662437948154,0.2761996690568119,0.2852379280950709,0.29432633004061576,0.303540089254375,0.3128039913754199,0.32223085794514367,0.33177054605626033,0.3416361630647345,0.3516898159755303,0.3618061475204332,0.3720478363335506,0.3825151682294539,0.3930451787594645,0.3983853983853984,0.4144562001704859,0.42527453241738955,0.4363310434739006,0.44756305470591184,0.4589580303866018,0.4705034347891491,0.482124053552625,0.4939828511257083,0.5060171488742917,0.5181642681642682,0.5303740660883518,0.5426716141001855,0.5550819836534122,0.567580103294389,0.5801032943890087,0.5927142355713785,0.6054003911146768,0.618337261194404,0.6313368099082385,0.6444617158902873,0.6577370505941934,0.6711502782931354,0.6848392919821491,0.6986411272125558,0.7126059268916412,0.7267211552925839,0.7410118838690267,0.7554154339868625,0.7704583061725919,0.7856641428069999,0.8009702652559796,0.8166775309632452,0.8326355112069398,0.8488442059870631,0.8654164368450082,0.8827784184927042,0.9006042220327934,0.919006669006669,0.9378604021461164,0.9576919219776363,0.9776989419846562,1.0
0.0,0.001753805021033396,0.004145357322442572,0.0067944614101573516,0.009553944834860247,0.012399278854998344,0.015330463470571643,0.01859278609710929,0.02201454554374088,0.02558347743968996,0.0297656278744619,0.03413174387088071,0.038792204765934486,0.043955504862823014,0.049302770521358404,0.054784944258434824,0.06031617547861707,0.06610495848510492,0.07207770705323964,0.07808724873370372,0.08417037663882654,0.09038841262249041,0.09677814979702466,0.10325373756699413,0.10982744030317525,0.1165360511178974,0.1234286274942664,0.1304683763199529,0.1376552975949569,0.14128555134478826,0.15238480689748213,0.1599764524081092,0.16765394851417148,0.17536823773256313,0.18314384880483706,0.19101757484332266,0.19892809399413763,0.20689993499883488,0.21512932778983773,0.22354268614248746,0.23211548131523113,0.2407373339710806,0.24938371536848303,0.25818953358597935,0.26703214491580507,0.27594834247028954,0.2849258618786563,0.29402602499478764,0.30318750996480126,0.31247163864257943,0.3218784110281222,0.3315427351999706,0.3415381973827833,0.35163177453180766,0.36181120227626723,0.37202742313305615,0.3823294945852803,0.39284006034070423,0.39813826851613376,0.41425365171639866,0.42510761985356343,0.4359983811030575,0.44707310791419846,0.4585280302194096,0.4701423893447147,0.4818303346946785,0.49359186626930107,0.5056722714841115,0.5178998491482395,0.5302132774078026,0.5425757631504715,0.5550240994885758,0.567582815163668,0.5802151170634191,0.5928842120754995,0.6056514220537915,0.6185290113690717,0.6314311294259048,0.644578534898267,0.6579099059322762,0.6713639206740498,0.6851245446852349,0.6989710192918552,0.712989195089346,0.7270809571114953,0.7414302709199505,0.7560003434023818,0.7708770251542245,0.785962201209267,0.8011822853428505,0.8167703005997278,0.8327262469798987,0.8489642738879282,0.865533438806922,0.8830469602757031,0.9009406772385543,0.9194721414817812,0.9381998356574316,0.9579945300906337,0.9781448912763531,1.0
0.0,0.0018247298919567827,0.004213685474189676,0.006890756302521009,0.009627851140456183,0.01248499399759904,0.01566626650660264,0.01913565426170468,0.0226890756302521,0.026350540216086436,0.03028811524609844,0.034633853541416564,0.03957983193277311,0.0448499399759904,0.05018007202881152,0.0556422569027611,0.06116446578631453,0.06690276110444178,0.0728811524609844,0.07887154861944778,0.08492196878751501,0.09106842737094838,0.09733493397358943,0.10381752701080432,0.11033613445378151,0.11698679471788716,0.12398559423769508,0.1310204081632653,0.13812725090036015,0.14171668667466986,0.15290516206482593,0.16056422569027612,0.16830732292917167,0.1760984393757503,0.18392557022809122,0.19176470588235295,0.19962785114045617,0.20756302521008405,0.21573829531812724,0.22417767106842737,0.2326890756302521,0.24126050420168066,0.24993997599039616,0.25869147659063624,0.26759903961584636,0.27657863145258105,0.2856542617046819,0.29475390156062425,0.30396158463385353,0.31324129651860744,0.3227611044417767,0.3324489795918367,0.34224489795918367,0.3522328931572629,0.362280912364946,0.37240096038415366,0.3827010804321729,0.3932292917166867,0.39858343337334934,0.41466986794717886,0.4254981992797119,0.4364465786314526,0.4475030012004802,0.45888355342136855,0.4704921968787515,0.48222088835534216,0.4940576230492197,0.5062064825930372,0.5184153661464586,0.5307683073229291,0.5432172869147659,0.5557623049219688,0.568343337334934,0.5809963985594238,0.5937575030012004,0.6065546218487395,0.6194237695078031,0.6325330132052821,0.6457022809123649,0.6591836734693878,0.6727370948379352,0.6863625450180072,0.7001080432172869,0.7139975990396158,0.7280432172869148,0.7424249699879952,0.756998799519808,0.7717887154861944,0.7868067226890756,0.8021488595438175,0.8176470588235294,0.8334573829531813,0.8497478991596639,0.8662905162064826,0.8836854741896759,0.9014885954381753,0.9200360144057623,0.9388235294117647,0.9585594237695078,0.9787515006002401,1.0
0.0,0.0016773406526379995,0.004363431627841509,0.007131630187439886,0.010005395641260234,0.012949539024561897,0.016198653435615926,0.019647171980200343,0.023224716728833836,0.027036854575738383,0.03090764069721069,0.035400098529101275,0.0403265535927933,0.04561662795880545,0.051023998873953126,0.05647828840875502,0.06202641518286532,0.0677035681610247,0.07360358458254158,0.07960916789828043,0.08573204776315481,0.09187838693785629,0.09809510404203908,0.10452295493466582,0.11104464306660099,0.11769535740258522,0.12449855725244563,0.1315598095104042,0.13870316935275764,0.1423159030661318,0.1534356159241795,0.1610129729983344,0.16866070800197058,0.17641400989982875,0.18422596007225467,0.1920613695545077,0.1999319680015014,0.20789640368780352,0.21593121730358694,0.22411851643324654,0.23255213831609073,0.2411265160578976,0.24988856827832126,0.25872099842822627,0.2675886175428719,0.27657353320665307,0.28568747507448333,0.2948835245267084,0.3041147629436742,0.3134398385999484,0.3228822108053581,0.33257090576395243,0.3423651676167687,0.35222980739906634,0.36221174373049947,0.3724634621249443,0.38273863982921624,0.3931545733924508,0.3984329181035494,0.41454946395477044,0.4253407464752387,0.43622586623501536,0.44736903840289016,0.45865296642972764,0.4702887841039717,0.4820418983273512,0.4941117132333967,0.5063105543434913,0.5186032326928942,0.5309897482816055,0.543505290074366,0.5560677504867807,0.568665399863936,0.5813451568254862,0.5941422103361719,0.607009641776339,0.6199122621812466,0.6329087198254627,0.6460693926384686,0.6594177399300912,0.6729537617003307,0.6865836207098787,0.7003425059234757,0.7142304173411218,0.7283177328922983,0.742557533957351,0.7571492246698102,0.7720106974452812,0.7870363853895418,0.802390503671382,0.8178384591925305,0.8334740891922959,0.8498134984868745,0.8665282567386867,0.8837708494616089,0.9019400849227016,0.9205550472705093,0.9393107654772797,0.9589344781476529,0.9792619701128393,1.0
0.0,0.00178552915020332,0.004354387217915193,0.007153636143717818,0.010183275927611193,0.01333963068345448,0.01657662223962953,0.019894250596136344,0.023407711182020296,0.02728979714084945,0.03129859807162852,0.03576818071858909,0.04069854508173116,0.04591689801748667,0.05136564181133293,0.05689502240551095,0.06248200071421166,0.0681380962803396,0.07388634818970383,0.0797037173564953,0.08560172332361853,0.09161492471978712,0.09780091925952378,0.1041251483141149,0.11049545554032417,0.11700399728138787,0.12378900805216049,0.13079289013811932,0.1379926044534553,0.14174797544033452,0.15310624474420856,0.16077826031863054,0.16847331497886164,0.1761914087249018,0.18393254155675104,0.19170823301731388,0.1995415221923994,0.20747848725362578,0.21550760865808843,0.2236519254915965,0.23188839866834085,0.24047045813222132,0.2491446739393381,0.2578995265467866,0.26673501595456695,0.27581241576334253,0.28493589374373623,0.2941860866960799,0.30351691644875534,0.3130435784308079,0.3226278381273831,0.3322581759955765,0.34196915066410166,0.3517838012187676,0.36166756903086084,0.37179324724394935,0.3821377967722241,0.39251690492921243,0.39772373832206337,0.4136552661590388,0.4244721169463996,0.4354617608773284,0.44655508069439803,0.45778663502632216,0.4694559319886187,0.48140169798062415,0.49342810077296134,0.5056964139662938,0.5180684030457672,0.5305786266400949,0.5431694870347544,0.5558179451439367,0.5685355205105461,0.5813106935916783,0.594097386215715,0.6069071179255607,0.6197744473499291,0.6328606480894838,0.6460390051722747,0.6593555967699202,0.6729025792256563,0.6864956398530107,0.7001462981948876,0.714084945109378,0.7282770219677683,0.7426649310555358,0.7572486723726802,0.7722010390627699,0.7872801207248097,0.8024859173587992,0.8178529875934523,0.8336117222868596,0.8500501100116348,0.8666958495086915,0.8838599684364524,0.9020147680540036,0.9207340252738772,0.9396145560944141,0.9593360135469825,0.9794836940870186,1.0
0.0,0.0018166431593794076,0.00443441466854725,0.007300423131170663,0.01044851904090268,0.013698166431593795,0.017083215796897037,0.0206262341325811,0.024338504936530326,0.028231311706629056,0.032394922425952044,0.03684062059238364,0.041737658674189,0.04704090267983075,0.052456981664315935,0.0580197461212976,0.06363892806770098,0.06926939351198871,0.0749675599435825,0.08071086036671368,0.08657827926657263,0.09259238363892806,0.09884344146685473,0.1051734837799718,0.11159379407616361,0.11814950634696755,0.1249083215796897,0.13182510578279266,0.13920451339915374,0.14291678420310297,0.1542002820874471,0.16180535966149506,0.16943300423131172,0.17709449929478138,0.18480112834978843,0.19259802538787024,0.20042877291960506,0.2083046544428773,0.21621438645980254,0.22419181946403385,0.2324626234132581,0.24095909732016926,0.24957968970380817,0.25838081805359664,0.2673060648801128,0.27641184767277854,0.285574047954866,0.2948265162200282,0.3042031029619182,0.31364739069111425,0.32322708039492243,0.3328744710860367,0.34260084626234133,0.35240620592383637,0.3622454160789845,0.3722764456981664,0.3825218617771509,0.39288011283497887,0.39811565585331454,0.4141043723554302,0.4249478138222849,0.4359040902679831,0.4469732016925247,0.4582679830747532,0.4699915373765867,0.48186177715091677,0.4941607898448519,0.5064823695345557,0.5188942172073343,0.5313963328631875,0.5439774330042313,0.556626234132581,0.5693088857545839,0.5820479548660085,0.594820874471086,0.6076276445698167,0.620558533145275,0.6335684062059238,0.6467588152327222,0.6600846262341326,0.6735119887165021,0.6870296191819464,0.7007277856135402,0.714685472496474,0.7288688293370945,0.7432665726375176,0.757901269393512,0.7727842031029619,0.7877799717912553,0.8030239774330042,0.8186629055007052,0.8344146685472497,0.8507080394922426,0.8674076163610719,0.8844682651622002,0.9024992947813822,0.9212073342736248,0.940163610719323,0.9597517630465444,0.9796897038081805,1.0
0.0,0.0019162180722624665,0.004663166522673401,0.007698101504175805,0.010877029751223942,0.014155645643649897,0.017633636826831483,0.02134423251589464,0.025110210230167698,0.029053410425112426,0.03332890277131654,0.037814846813318266,0.04277707627212512,0.04790545180656166,0.053277508251921755,0.05878248155778561,0.06440929531911123,0.07006933829556279,0.0757626104871403,0.08147803548880175,0.08724884251567311,0.09310826078288031,0.09926674198622096,0.10560244567023327,0.11204891340466538,0.11869475642985312,0.12547351631554463,0.13244057508694979,0.13946301588356483,0.1431182295474181,0.1542832458297335,0.1618152012582796,0.16940253871203562,0.17703418178595956,0.1847655125052613,0.19256330165481492,0.20040539642453645,0.20831394962450986,0.2163332668749031,0.2244079661505062,0.23267096431182296,0.24108903214372743,0.2495624820008418,0.25844575884450943,0.26739549411842894,0.2764670698478102,0.2855940276024014,0.2947763673822024,0.3040030127821714,0.31347333909306396,0.32308765866950223,0.3328127422963603,0.34261536075851223,0.35250659046099997,0.36244212578365564,0.3724441195365632,0.3825568773398906,0.3928357812188476,0.39801953877849405,0.4139474092288607,0.4248465917901686,0.43587869121198025,0.44699940187412773,0.45823087658669504,0.46977249064043775,0.4816020912252719,0.4938304423916174,0.5062360160386346,0.5187080481159035,0.5312908442435923,0.5438847167763231,0.5565339713342637,0.5692164551073303,0.5820540085509847,0.594935867614807,0.607917414324007,0.620987572273543,0.6341020358432468,0.6472718814381604,0.660563567488536,0.6740103232094992,0.6875346137657562,0.7011364391573071,0.715292084800957,0.7296692585454465,0.7441239671252299,0.758678363350391,0.7734542876763918,0.788451740103232,0.8037593318712478,0.8192662989300192,0.8349615648745043,0.8511109634257106,0.8677255709886799,0.8848496931835803,0.9027270109213353,0.9213796770120289,0.940386788064066,0.9597261912673622,0.9795529562925057,1.0
0.0,0.001957138663274293,0.0046645138141370645,0.007654586771917235,0.010807754618303595,0.014134890345869894,0.017646866947189876,0.021332811429689794,0.025181850800795904,0.029302714986245666,0.03371714997118657,0.03833817181502865,0.04327451044350937,0.04843918191603875,0.05375607528460058,0.059203444564047365,0.06470517880636288,0.07033738895956335,0.07603483706820628,0.08176490415457047,0.08754933620380337,0.09348599014906873,0.09955312000521904,0.10584858270541801,0.11242674321253439,0.11911363364538823,0.1260723488925857,0.13311804808037317,0.14027247719389807,0.14393667569125052,0.15511411205706147,0.16260560394037252,0.17014058779397853,0.17771906361787954,0.18540626936751803,0.19312609409487774,0.20096552174054866,0.20888106033423579,0.21689445586108666,0.2250709462765437,0.2333126746474432,0.2416413869589327,0.2501331941590284,0.2588968261734677,0.26774744212849705,0.2767720259647063,0.285861847756358,0.2949951615183047,0.30430244316143135,0.3137728196931642,0.32328668819519196,0.33293103260810475,0.34266236096160746,0.35248067325570015,0.36234247752008786,0.37234563068793425,0.3824575137815181,0.3927542377488556,0.39792978221395875,0.4137391134161855,0.4245794870122104,0.4355285905339727,0.4468256298180948,0.4582748909982495,0.4697893901338465,0.4813582542323124,0.4935903708777767,0.5061051853301585,0.5186634917528351,0.5312652901458068,0.5439214535016472,0.556610235835209,0.5693860021093605,0.5823139902795447,0.5952963434125974,0.608333061508519,0.6214567635450305,0.6346348305444107,0.6479433734546759,0.6613062813278099,0.6747996651118288,0.6883365408661426,0.701982146546194,0.7160952909069163,0.7304041491339661,0.744843483271901,0.7593589283578519,0.7741353252655728,0.7893248958910961,0.8046231964423568,0.8200193539267813,0.8355133683443694,0.8516597623163823,0.8683280599319351,0.8855617531613226,0.9033390960193974,0.9217470724467495,0.9404703656587402,0.9597046895216971,0.9794935360059149,1.0
0.0,0.0020019269885451236,0.0044748956214538055,0.007140563108874853,0.0101059843699818,0.013306926453270527,0.016839738785997215,0.020586660957070978,0.024622631409913286,0.028926239160689433,0.0334332512578953,0.038207900653035004,0.043036077507761485,0.04805695321700032,0.05332405524033829,0.05866609570709774,0.06415801306070014,0.06971416336580666,0.07537736859008672,0.08111551225778825,0.08692859436891125,0.09291296435071192,0.09899368375976876,0.10538486243442886,0.1120436784070228,0.11875602183920352,0.1257252970774007,0.1328337437105235,0.14007065624665455,0.1437426399743068,0.15481211861685043,0.1622524354994112,0.16973557434964137,0.177293651643293,0.18493737287228348,0.1927523819719516,0.20061021303928916,0.20847874959854407,0.21648645755272455,0.2245905149341612,0.23293009313777968,0.24139813724440637,0.24997323627020662,0.25859115726367626,0.267241194732898,0.27613745851621885,0.2851943046783,0.2944331442029761,0.30384327159832997,0.31331763194518786,0.3228455197516326,0.33252328444492024,0.3422545765977947,0.3520501017021732,0.3619312707418906,0.37186596724119475,0.38201477357884595,0.3923455732790922,0.397548442350926,0.4132105770260143,0.4240659458302109,0.4350390750454983,0.4462156086072155,0.45754201905577563,0.46893266245583987,0.48065517610534203,0.49281661492345574,0.5053206294829248,0.5178781715019806,0.5305106519644578,0.5431752489026871,0.5559897227277594,0.5688577240124184,0.5817685472647468,0.5948078364200835,0.6078685365592549,0.6210148806337651,0.6342254576597794,0.6476073225564715,0.6610641258965849,0.6745530457124504,0.6881490204474896,0.7018413446097849,0.7159083609891874,0.730093137779681,0.7444920244085216,0.7591478428433787,0.7742532919387646,0.7895300289048282,0.8048817043143133,0.8203190236591371,0.8358205759554651,0.8519858687506691,0.8686757306498234,0.8859329836205974,0.903693394711487,0.921978374906327,0.9404667594475966,0.9596510009634943,0.9794347500267637,1.0
0.0,0.001936026936026936,0.00434553872053872,0.006986531986531986,0.009880050505050504,0.012878787878787878,0.016298400673400673,0.020117845117845118,0.02410563973063973,0.02852483164983165,0.033101851851851855,0.03784722222222222,0.04276094276094276,0.047843013468013465,0.053272306397306395,0.05874368686868687,0.064246632996633,0.06985479797979798,0.0755787037037037,0.08141835016835017,0.08734217171717172,0.09343434343434344,0.099631734006734,0.10607112794612794,0.11259469696969697,0.1192655723905724,0.1262310606060606,0.13336489898989898,0.1406144781144781,0.1442445286195286,0.1552293771043771,0.1626473063973064,0.170128367003367,0.17770412457912457,0.18533249158249157,0.1930976430976431,0.20090488215488214,0.20882786195286196,0.2168560606060606,0.22511574074074073,0.23349116161616162,0.24192971380471381,0.25049452861952864,0.25919612794612795,0.26791877104377104,0.2766624579124579,0.28566919191919193,0.29497053872053874,0.3043876262626263,0.3138468013468014,0.32335858585858585,0.33295454545454545,0.34262415824915826,0.35236742424242423,0.36224747474747476,0.37220117845117845,0.38238636363636364,0.3927083333333333,0.397885101010101,0.4135837542087542,0.42440025252525254,0.4354166666666667,0.44646464646464645,0.4576494107744108,0.4690446127946128,0.4806923400673401,0.49298190235690237,0.5054082491582491,0.5179608585858586,0.5306186868686869,0.5432975589225589,0.5561447811447812,0.5690972222222223,0.5821022727272728,0.5952020202020202,0.608364898989899,0.621601430976431,0.634922138047138,0.6482744107744107,0.6616687710437711,0.6750946969696969,0.688604797979798,0.7023674242424243,0.7162142255892255,0.7302293771043771,0.7446233164983165,0.7592382154882155,0.7743160774410774,0.7895938552188552,0.80496632996633,0.8204440235690236,0.8360690235690236,0.8520517676767677,0.8688026094276095,0.8859427609427609,0.9037563131313131,0.9219907407407407,0.9404250841750842,0.9597117003367004,0.9794402356902356,1.0
0.0,0.0018202879364554029,0.004157703127585636,0.006764024491146782,0.009587539301671355,0.012566192288598378,0.01591717689889128,0.019805973854046005,0.02384990898560318,0.02829720337580672,0.03284792321694523,0.03747104087373821,0.04240443488333609,0.0475446797948039,0.053015886149263614,0.05849743504881681,0.06399966903855701,0.06961567102432567,0.07533509846102929,0.0810958960781069,0.08700148932649346,0.09308290584146947,0.0993711732583154,0.10572149594572232,0.11220627171934469,0.11884618566936953,0.12582740360747974,0.13293273208671189,0.14014148601687904,0.14377171934469635,0.15468310441833527,0.16201596888962436,0.16943157372166143,0.17694026145953998,0.18455237464835347,0.19218517292735396,0.19986968393182195,0.20769899056759888,0.2158489161012742,0.22401952672513653,0.23225219261955982,0.24069170941585305,0.24920362402780077,0.25779827900049646,0.2664860168790336,0.2752978652986927,0.2843269071653152,0.2935938275690882,0.3029848585139831,0.3124689723647195,0.3221082243918583,0.33177850405427767,0.3415625517127255,0.3514396822770147,0.36144092338242595,0.3716386728446136,0.38190882012245575,0.3923237630316068,0.3975777759391031,0.41356735065364886,0.4243649677312593,0.4352660102598047,0.4463118484196591,0.45752316730100945,0.4688689392685752,0.4807835512162833,0.49311186496773124,0.5054712063544597,0.5179443157372167,0.53061393347675,0.5433766341221248,0.5562427602184346,0.5692123117656793,0.582285288763859,0.5953686083071322,0.6085553533013404,0.6218144961112031,0.6352080920072811,0.6486327155386398,0.6620780241601854,0.675585388052292,0.6892685752109879,0.703013817640245,0.7168211153400629,0.7308145788515638,0.7449424954492802,0.7596082243918584,0.7746359424127089,0.7898084560648685,0.8051671355287109,0.8208050637100778,0.8366705278835016,0.8526807876882343,0.8692805725632964,0.8863354294224722,0.9041452920734735,0.9221413205361575,0.9403855700810856,0.9597261294059242,0.9794390203541288,1.0
0.0,0.0016582060855146034,0.003998006083479995,0.006571786081241925,0.009430411296147469,0.012523016510849552,0.015880120855756418,0.01974587737413402,0.02382526780536933,0.02806742693211528,0.03266564258029075,0.03736558866316036,0.042309687789295926,0.0475386321325751,0.05290999908442609,0.058362750384032394,0.06393757820527167,0.06955309820038862,0.07529069471713852,0.08109950253817434,0.08696934862002666,0.09308334774514491,0.09940080773965147,0.10577930599497452,0.11230022685886937,0.11917720424419373,0.12615591206421226,0.13320583118851667,0.14041851900833172,0.14404012248344336,0.15494562508265597,0.16226004333716518,0.16962532680902145,0.1771228598459801,0.18474246940457176,0.1924231172239799,0.20022584156502102,0.20813029634075628,0.21612630850771625,0.22426474328324805,0.23255577371082106,0.24100957283390473,0.24950406413086604,0.25813080499292973,0.26688979542009583,0.27575051628195607,0.2847841788827964,0.29395009104873904,0.3032279066928453,0.3126074527716457,0.32208872928514026,0.33169208232026776,0.34162097274641656,0.351590555346443,0.3616618683811636,0.3718857770679254,0.38222158923285077,0.39266930487593976,0.397949114436566,0.41404286920518013,0.42489750658704567,0.43581318222972765,0.446810242220165,0.45804128221039886,0.4694656100265516,0.48138841697270573,0.49348416565783987,0.5058342404297094,0.5183165647666812,0.5309311386687555,0.543698308222871,0.5565875542986195,0.5696192229829398,0.5827119299280766,0.595845329047091,0.6090499394703913,0.6223664533718553,0.6357134864037274,0.6491622498702937,0.6627025707280847,0.6763039298466922,0.689935808095708,0.7036795898228874,0.7175047558978219,0.7314418254509202,0.7454297602213654,0.7598958280348732,0.7747382984567494,0.7897740567045443,0.8051150062564217,0.8207509740689122,0.836641267968138,0.8527960609975687,0.8693984679396535,0.8864688348813314,0.9041801035615825,0.9220541409373443,0.9402333696171884,0.9596638826437706,0.9794911443656599,1.0
0.0,0.0014335983318128503,0.0036692097163881342,0.006235651485227922,0.009162999127810805,0.012351001012541479,0.015779606813100883,0.019609219140041503,0.023679435382810855,0.027940129725611284,0.032531654452676216,0.03732368244293176,0.04218588657530401,0.04729871978666453,0.052561930445418,0.05790534240944771,0.06340915698402992,0.06908339933232413,0.07487794363853272,0.0808028150658152,0.0867677871457358,0.09278288504145404,0.09903858685300103,0.10550481709089815,0.1121113996130287,0.11894856088782844,0.12586592346790443,0.13285346219009714,0.14000140352284232,0.14360043709711376,0.15453789010416144,0.16189635986325676,0.16933503092762836,0.17684387813411664,0.1845131279511574,0.19224252874715536,0.20007218117474862,0.20800208523393718,0.21596206478260432,0.2240924721049835,0.23235320654843658,0.240734242949804,0.24915538000380957,0.25775696999468667,0.26663926455403064,0.275661911397608,0.2848148853622593,0.29403803546902724,0.30336143720739056,0.3127349647615515,0.3222688949262649,0.3320434290068071,0.3419282398821041,0.35197345336795355,0.36214899397487693,0.372374660397598,0.38265045263611663,0.3930465468325497,0.39830975749130315,0.414239741751797,0.4251170437798875,0.43611464776589237,0.4472526040361307,0.4585208874274429,0.46997964891878613,0.48177926595755344,0.49380946174899,0.5060401608036171,0.5184613379582753,0.5310228673971669,0.5437548246097705,0.5565669831276504,0.56959969523504,0.5827025834845462,0.595815496897212,0.6089685109625159,0.6222117514962556,0.6355853191510692,0.6490892139269566,0.6626332093554823,0.6762574060892841,0.6899618041283622,0.7037263531463974,0.7176412796118257,0.7317366590141254,0.7459924410269777,0.7603584998345848,0.7750654141896159,0.7901733350710283,0.8054516837261526,0.8210408124392224,0.8369206708839186,0.8531313597128793,0.8699134828419333,0.8870464866815707,0.904610572537068,0.9224052371452346,0.9403603043639536,0.9597088692618473,0.9795185916650794,1.0
0.0,0.0013127893318593243,0.0036916030835743405,0.006277699361372408,0.009258619498376287,0.012555398722744816,0.016000236894315522,0.019731322363810446,0.023738784534749435,0.02807197638953322,0.03252361540207875,0.03739969006327052,0.04242382367166448,0.047586145630780466,0.05282743236173762,0.058226648636377096,0.06370482968285773,0.06922249311525895,0.07514485100334613,0.08116591485623476,0.08724620228800427,0.09349428985993624,0.09984108339666967,0.10626684170524425,0.11288014134694159,0.11974020590064258,0.1266792352261847,0.13369722932356803,0.14081392938575277,0.14441669710100583,0.1553730591939671,0.16272665357167534,0.17014934212474458,0.17759177187077416,0.185123036985125,0.19274313746779717,0.20052116749415166,0.2084176446782679,0.21651153379198704,0.22468438767754736,0.2329756887208694,0.24133608393955247,0.24982479691247741,0.25853066300796557,0.26752277640137795,0.2766629487419925,0.285872215257968,0.2952097995281855,0.30468557214912495,0.3142600507348659,0.323982588267809,0.3337742199761132,0.3437139106316195,0.35382140142728824,0.3640078569947982,0.3742041831587883,0.3844893446910997,0.394902823977653,0.40019346369101083,0.41623318297124695,0.4271401920818075,0.43813603656068933,0.4492207164078925,0.46045345520229786,0.47187373532982596,0.4835407803693577,0.49555329628569456,0.5077632241316343,0.5200619873458953,0.5325976448756798,0.5452221377737857,0.5579157248472525,0.5708856886221635,0.5839148759759553,0.5970032869086279,0.6102200155955424,0.623505838457818,0.6368706260919348,0.6503143784978926,0.6638272250792115,0.6774782600112524,0.6911391655397736,0.7049086476295763,0.71874722389474,0.7328226944754271,0.746937647442035,0.7612894947241662,0.7759670716901422,0.7909210253575624,0.8062105793053074,0.8217666393580164,0.8376780408840107,0.853875689707929,0.8704286800051327,0.8875442943017047,0.9049757676856413,0.9226737471745418,0.9404605620317635,0.9597674487469278,0.9795086417072184,1.0
0.0,0.0012447245074586227,0.003636929420230663,0.006184724896435031,0.009315984985510629,0.01249586712565883,0.015899410700741,0.019419647198397418,0.023319135694420134,0.027539529727522025,0.032090553707917614,0.037069451737752106,0.042194215920804405,0.047435673026430945,0.052725752183130095,0.058074177801116365,0.06347122547017524,0.06902386370266643,0.07477099013944805,0.08079040006223623,0.0868973296769551,0.09308205457339012,0.09944181885368653,0.10596689810762977,0.1125794970535037,0.11923099364023572,0.12607697843125815,0.13306882937549838,0.1402454441138145,0.1438629247136161,0.15479316179473715,0.16214481591691463,0.1695353676799502,0.1769356438532003,0.18436509325709396,0.1919793064550635,0.19983662990839607,0.2077328510025867,0.21574576501935158,0.224011513701694,0.23230643561467998,0.24064025516852403,0.24938249995137796,0.2582317132465916,0.26722679269502303,0.2763677382966723,0.28562537682089584,0.2949802594472645,0.3045101814574946,0.3140887255187973,0.3237839625026742,0.33366396328062703,0.3436412081607251,0.35380321683489896,0.3639749499192874,0.3741953050547484,0.3845615263434273,0.3950833381955384,0.4003928661726666,0.416467316257269,0.42735865569753195,0.43828889277865296,0.4493649960129918,0.460616138631192,0.4720812182741117,0.48377968376217984,0.49574070832604,0.5077698037614019,0.5199933874010542,0.5324017348347823,0.5450531925238734,0.5578018943151097,0.5706867378493494,0.5837271719470214,0.596835676916195,0.6099830795262268,0.6232666238792617,0.6366474123344419,0.6501643425326254,0.663739619192096,0.6773343446719956,0.6909971410233969,0.7047571814769434,0.7186533636734932,0.7326759632028318,0.7468541532956027,0.76130462687438,0.7760760059902367,0.7910029756695256,0.8063189217573954,0.8219654977925589,0.8378843573137289,0.8541143979617636,0.8705000291732307,0.8874788494077834,0.904827197230488,0.9223700332574829,0.9402143260011281,0.959624248789311,0.9793939747554311,1.0
0.0,0.0010514845049419772,0.0034412220161737436,0.006012579578259124,0.00911923834286042,0.012378840308180549,0.015781826524174584,0.019299520140707745,0.02309442330854379,0.027319479228401552,0.032070277400730304,0.03712696197449672,0.04223144129848777,0.047441069072973026,0.05273672739786262,0.05807062152293192,0.06358613569885484,0.06931194677576615,0.07513334735312674,0.08110769113120615,0.08721586020991454,0.09342917773911713,0.09978587951899363,0.10633376029976867,0.1130537021813524,0.11988835146347525,0.12678991339591258,0.13376794692870936,0.14097539526258435,0.14460779627965664,0.15553367618100827,0.16287494981551226,0.17024490030015102,0.17768176343510428,0.18523333397059666,0.1928804940065383,0.20069015619324374,0.20856673103026363,0.21652933641768787,0.2246162081556962,0.23276043359397403,0.24115319173342,0.24983271837421378,0.2586365113655916,0.2676792781080926,0.2768845470013574,0.28617584644502647,0.29556273538914485,0.3049974190834879,0.3146423996788193,0.32438296977459996,0.3341904525206951,0.34426558586804823,0.35439807291567094,0.364616590513698,0.3749306976121743,0.38526392261074044,0.395673619209666,0.4009310417343759,0.4170474315101229,0.42797331141147454,0.4389852218632305,0.450064044965301,0.4614009597185845,0.472871699772497,0.4846292083277573,0.4965396600837364,0.5085743781902996,0.5206760089471772,0.5329592597549085,0.545605750664347,0.5584051847745044,0.571290649435066,0.5843386162463915,0.5974630546580764,0.6106352878199859,0.6239222283824345,0.6372951994952875,0.6507446422084998,0.6642514386219818,0.6778825013860478,0.6915900357504732,0.7053453648651232,0.7191771655801327,0.7332097042460856,0.7474143040128473,0.7619247901810465,0.776674250100369,0.7914906226700059,0.8067467069417095,0.8223182365648957,0.8380905041390254,0.8541017454642782,0.8705335805915079,0.8873764505706693,0.9044774122010438,0.9219224960330358,0.9398742042174087,0.9592119601582962,0.9790850173016996,1.0
